TopResults (sorted by smallest lossTotal):,,,,,,,,,,
Rank,LossTotal,Rows,Columns,MarginBetween,MarginEdge,CardHeight,CardWidth,,,
1,0.32,4,8,10,9,68.00,48.96,,,
2,0.36,4,8,9,6,70.25,50.58,,,
3,0.4,4,8,8,3,72.50,52.20,,,
4,0.64,3,6,10,3,98.00,70.56,,,
5,1.2,4,8,10,10,67.50,48.60,,,
6,1.24,4,8,9,7,69.75,50.22,,,
7,1.28,4,8,8,4,72.00,51.84,,,
8,1.52,3,6,10,4,97.33,70.08,,,
9,2.12,4,8,9,8,69.25,49.86,,,
10,2.16,4,8,8,5,71.50,51.48,,,
,,,,,,,,,,
Rows,Columns,MarginBetween,MarginEdge,CardHeight,CardWidth,UsedHeight,LossHeight,UsedWidth,LossWidth,LossTotal
2,3,3,3,155.5,111.96,320,0,347.88,132.12,132.12
2,4,3,3,155.5,111.96,320,0,462.84,17.16,17.16
2,5,3,3,155.5,111.96,320,0,577.8,-97.8,-97.8
2,6,3,3,155.5,111.96,320,0,692.76,-212.76,-212.76
2,7,3,3,155.5,111.96,320,0,807.72,-327.72,-327.72
2,8,3,3,155.5,111.96,320,0,922.68,-442.68,-442.68
2,9,3,3,155.5,111.96,320,0,1037.64,-557.64,-557.64
2,10,3,3,155.5,111.96,320,0,1152.6,-672.6,-672.6
2,3,3,4,154.5,111.24,320,0,347.72,132.28,132.28
2,4,3,4,154.5,111.24,320,0,461.96,18.04,18.04
2,5,3,4,154.5,111.24,320,0,576.2,-96.2,-96.2
2,6,3,4,154.5,111.24,320,0,690.44,-210.44,-210.44
2,7,3,4,154.5,111.24,320,0,804.68,-324.68,-324.68
2,8,3,4,154.5,111.24,320,0,918.92,-438.92,-438.92
2,9,3,4,154.5,111.24,320,0,1033.16,-553.16,-553.16
2,10,3,4,154.5,111.24,320,0,1147.4,-667.4,-667.4
2,3,3,5,153.5,110.52,320,0,347.56,132.44,132.44
2,4,3,5,153.5,110.52,320,0,461.08,18.92,18.92
2,5,3,5,153.5,110.52,320,0,574.6,-94.6,-94.6
2,6,3,5,153.5,110.52,320,0,688.12,-208.12,-208.12
2,7,3,5,153.5,110.52,320,0,801.64,-321.64,-321.64
2,8,3,5,153.5,110.52,320,0,915.16,-435.16,-435.16
2,9,3,5,153.5,110.52,320,0,1028.68,-548.68,-548.68
2,10,3,5,153.5,110.52,320,0,1142.2,-662.2,-662.2
2,3,3,6,152.5,109.8,320,0,347.4,132.6,132.6
2,4,3,6,152.5,109.8,320,0,460.2,19.8,19.8
2,5,3,6,152.5,109.8,320,0,573,-93,-93
2,6,3,6,152.5,109.8,320,0,685.8,-205.8,-205.8
2,7,3,6,152.5,109.8,320,0,798.6,-318.6,-318.6
2,8,3,6,152.5,109.8,320,0,911.4,-431.4,-431.4
2,9,3,6,152.5,109.8,320,0,1024.2,-544.2,-544.2
2,10,3,6,152.5,109.8,320,0,1137,-657,-657
2,3,3,7,151.5,109.08,320,0,347.24,132.76,132.76
2,4,3,7,151.5,109.08,320,0,459.32,20.68,20.68
2,5,3,7,151.5,109.08,320,0,571.4,-91.4,-91.4
2,6,3,7,151.5,109.08,320,0,683.48,-203.48,-203.48
2,7,3,7,151.5,109.08,320,0,795.56,-315.56,-315.56
2,8,3,7,151.5,109.08,320,0,907.64,-427.64,-427.64
2,9,3,7,151.5,109.08,320,0,1019.72,-539.72,-539.72
2,10,3,7,151.5,109.08,320,0,1131.8,-651.8,-651.8
2,3,3,8,150.5,108.36,320,0,347.08,132.92,132.92
2,4,3,8,150.5,108.36,320,0,458.44,21.56,21.56
2,5,3,8,150.5,108.36,320,0,569.8,-89.8,-89.8
2,6,3,8,150.5,108.36,320,0,681.16,-201.16,-201.16
2,7,3,8,150.5,108.36,320,0,792.52,-312.52,-312.52
2,8,3,8,150.5,108.36,320,0,903.88,-423.88,-423.88
2,9,3,8,150.5,108.36,320,0,1015.24,-535.24,-535.24
2,10,3,8,150.5,108.36,320,0,1126.6,-646.6,-646.6
2,3,3,9,149.5,107.64,320,0,346.92,133.08,133.08
2,4,3,9,149.5,107.64,320,0,457.56,22.44,22.44
2,5,3,9,149.5,107.64,320,0,568.2,-88.2,-88.2
2,6,3,9,149.5,107.64,320,0,678.84,-198.84,-198.84
2,7,3,9,149.5,107.64,320,0,789.48,-309.48,-309.48
2,8,3,9,149.5,107.64,320,0,900.12,-420.12,-420.12
2,9,3,9,149.5,107.64,320,0,1010.76,-530.76,-530.76
2,10,3,9,149.5,107.64,320,0,1121.4,-641.4,-641.4
2,3,3,10,148.5,106.92,320,0,346.76,133.24,133.24
2,4,3,10,148.5,106.92,320,0,456.68,23.32,23.32
2,5,3,10,148.5,106.92,320,0,566.6,-86.6,-86.6
2,6,3,10,148.5,106.92,320,0,676.52,-196.52,-196.52
2,7,3,10,148.5,106.92,320,0,786.44,-306.44,-306.44
2,8,3,10,148.5,106.92,320,0,896.36,-416.36,-416.36
2,9,3,10,148.5,106.92,320,0,1006.28,-526.28,-526.28
2,10,3,10,148.5,106.92,320,0,1116.2,-636.2,-636.2
2,3,4,3,155,111.6,320,0,348.8,131.2,131.2
2,4,4,3,155,111.6,320,0,464.4,15.6,15.6
2,5,4,3,155,111.6,320,0,580,-100,-100
2,6,4,3,155,111.6,320,0,695.6,-215.6,-215.6
2,7,4,3,155,111.6,320,0,811.2,-331.2,-331.2
2,8,4,3,155,111.6,320,0,926.8,-446.8,-446.8
2,9,4,3,155,111.6,320,0,1042.4,-562.4,-562.4
2,10,4,3,155,111.6,320,0,1158,-678,-678
2,3,4,4,154,110.88,320,0,348.64,131.36,131.36
2,4,4,4,154,110.88,320,0,463.52,16.48,16.48
2,5,4,4,154,110.88,320,0,578.4,-98.4,-98.4
2,6,4,4,154,110.88,320,0,693.28,-213.28,-213.28
2,7,4,4,154,110.88,320,0,808.16,-328.16,-328.16
2,8,4,4,154,110.88,320,0,923.04,-443.04,-443.04
2,9,4,4,154,110.88,320,0,1037.92,-557.92,-557.92
2,10,4,4,154,110.88,320,0,1152.8,-672.8,-672.8
2,3,4,5,153,110.16,320,0,348.48,131.52,131.52
2,4,4,5,153,110.16,320,0,462.64,17.36,17.36
2,5,4,5,153,110.16,320,0,576.8,-96.8,-96.8
2,6,4,5,153,110.16,320,0,690.96,-210.96,-210.96
2,7,4,5,153,110.16,320,0,805.12,-325.12,-325.12
2,8,4,5,153,110.16,320,0,919.28,-439.28,-439.28
2,9,4,5,153,110.16,320,0,1033.44,-553.44,-553.44
2,10,4,5,153,110.16,320,0,1147.6,-667.6,-667.6
2,3,4,6,152,109.44,320,0,348.32,131.68,131.68
2,4,4,6,152,109.44,320,0,461.76,18.24,18.24
2,5,4,6,152,109.44,320,0,575.2,-95.2,-95.2
2,6,4,6,152,109.44,320,0,688.64,-208.64,-208.64
2,7,4,6,152,109.44,320,0,802.08,-322.08,-322.08
2,8,4,6,152,109.44,320,0,915.52,-435.52,-435.52
2,9,4,6,152,109.44,320,0,1028.96,-548.96,-548.96
2,10,4,6,152,109.44,320,0,1142.4,-662.4,-662.4
2,3,4,7,151,108.72,320,0,348.16,131.84,131.84
2,4,4,7,151,108.72,320,0,460.88,19.12,19.12
2,5,4,7,151,108.72,320,0,573.6,-93.6,-93.6
2,6,4,7,151,108.72,320,0,686.32,-206.32,-206.32
2,7,4,7,151,108.72,320,0,799.04,-319.04,-319.04
2,8,4,7,151,108.72,320,0,911.76,-431.76,-431.76
2,9,4,7,151,108.72,320,0,1024.48,-544.48,-544.48
2,10,4,7,151,108.72,320,0,1137.2,-657.2,-657.2
2,3,4,8,150,108,320,0,348,132,132
2,4,4,8,150,108,320,0,460,20,20
2,5,4,8,150,108,320,0,572,-92,-92
2,6,4,8,150,108,320,0,684,-204,-204
2,7,4,8,150,108,320,0,796,-316,-316
2,8,4,8,150,108,320,0,908,-428,-428
2,9,4,8,150,108,320,0,1020,-540,-540
2,10,4,8,150,108,320,0,1132,-652,-652
2,3,4,9,149,107.28,320,0,347.84,132.16,132.16
2,4,4,9,149,107.28,320,0,459.12,20.88,20.88
2,5,4,9,149,107.28,320,0,570.4,-90.4,-90.4
2,6,4,9,149,107.28,320,0,681.68,-201.68,-201.68
2,7,4,9,149,107.28,320,0,792.96,-312.96,-312.96
2,8,4,9,149,107.28,320,0,904.24,-424.24,-424.24
2,9,4,9,149,107.28,320,0,1015.52,-535.52,-535.52
2,10,4,9,149,107.28,320,0,1126.8,-646.8,-646.8
2,3,4,10,148,106.56,320,0,347.68,132.32,132.32
2,4,4,10,148,106.56,320,0,458.24,21.76,21.76
2,5,4,10,148,106.56,320,0,568.8,-88.8,-88.8
2,6,4,10,148,106.56,320,0,679.36,-199.36,-199.36
2,7,4,10,148,106.56,320,0,789.92,-309.92,-309.92
2,8,4,10,148,106.56,320,0,900.48,-420.48,-420.48
2,9,4,10,148,106.56,320,0,1011.04,-531.04,-531.04
2,10,4,10,148,106.56,320,0,1121.6,-641.6,-641.6
2,3,5,3,154.5,111.24,320,0,349.72,130.28,130.28
2,4,5,3,154.5,111.24,320,0,465.96,14.04,14.04
2,5,5,3,154.5,111.24,320,0,582.2,-102.2,-102.2
2,6,5,3,154.5,111.24,320,0,698.44,-218.44,-218.44
2,7,5,3,154.5,111.24,320,0,814.68,-334.68,-334.68
2,8,5,3,154.5,111.24,320,0,930.92,-450.92,-450.92
2,9,5,3,154.5,111.24,320,0,1047.16,-567.16,-567.16
2,10,5,3,154.5,111.24,320,0,1163.4,-683.4,-683.4
2,3,5,4,153.5,110.52,320,0,349.56,130.44,130.44
2,4,5,4,153.5,110.52,320,0,465.08,14.92,14.92
2,5,5,4,153.5,110.52,320,0,580.6,-100.6,-100.6
2,6,5,4,153.5,110.52,320,0,696.12,-216.12,-216.12
2,7,5,4,153.5,110.52,320,0,811.64,-331.64,-331.64
2,8,5,4,153.5,110.52,320,0,927.16,-447.16,-447.16
2,9,5,4,153.5,110.52,320,0,1042.68,-562.68,-562.68
2,10,5,4,153.5,110.52,320,0,1158.2,-678.2,-678.2
2,3,5,5,152.5,109.8,320,0,349.4,130.6,130.6
2,4,5,5,152.5,109.8,320,0,464.2,15.8,15.8
2,5,5,5,152.5,109.8,320,0,579,-99,-99
2,6,5,5,152.5,109.8,320,0,693.8,-213.8,-213.8
2,7,5,5,152.5,109.8,320,0,808.6,-328.6,-328.6
2,8,5,5,152.5,109.8,320,0,923.4,-443.4,-443.4
2,9,5,5,152.5,109.8,320,0,1038.2,-558.2,-558.2
2,10,5,5,152.5,109.8,320,0,1153,-673,-673
2,3,5,6,151.5,109.08,320,0,349.24,130.76,130.76
2,4,5,6,151.5,109.08,320,0,463.32,16.68,16.68
2,5,5,6,151.5,109.08,320,0,577.4,-97.4,-97.4
2,6,5,6,151.5,109.08,320,0,691.48,-211.48,-211.48
2,7,5,6,151.5,109.08,320,0,805.56,-325.56,-325.56
2,8,5,6,151.5,109.08,320,0,919.64,-439.64,-439.64
2,9,5,6,151.5,109.08,320,0,1033.72,-553.72,-553.72
2,10,5,6,151.5,109.08,320,0,1147.8,-667.8,-667.8
2,3,5,7,150.5,108.36,320,0,349.08,130.92,130.92
2,4,5,7,150.5,108.36,320,0,462.44,17.56,17.56
2,5,5,7,150.5,108.36,320,0,575.8,-95.8,-95.8
2,6,5,7,150.5,108.36,320,0,689.16,-209.16,-209.16
2,7,5,7,150.5,108.36,320,0,802.52,-322.52,-322.52
2,8,5,7,150.5,108.36,320,0,915.88,-435.88,-435.88
2,9,5,7,150.5,108.36,320,0,1029.24,-549.24,-549.24
2,10,5,7,150.5,108.36,320,0,1142.6,-662.6,-662.6
2,3,5,8,149.5,107.64,320,0,348.92,131.08,131.08
2,4,5,8,149.5,107.64,320,0,461.56,18.44,18.44
2,5,5,8,149.5,107.64,320,0,574.2,-94.2,-94.2
2,6,5,8,149.5,107.64,320,0,686.84,-206.84,-206.84
2,7,5,8,149.5,107.64,320,0,799.48,-319.48,-319.48
2,8,5,8,149.5,107.64,320,0,912.12,-432.12,-432.12
2,9,5,8,149.5,107.64,320,0,1024.76,-544.76,-544.76
2,10,5,8,149.5,107.64,320,0,1137.4,-657.4,-657.4
2,3,5,9,148.5,106.92,320,0,348.76,131.24,131.24
2,4,5,9,148.5,106.92,320,0,460.68,19.32,19.32
2,5,5,9,148.5,106.92,320,0,572.6,-92.6,-92.6
2,6,5,9,148.5,106.92,320,0,684.52,-204.52,-204.52
2,7,5,9,148.5,106.92,320,0,796.44,-316.44,-316.44
2,8,5,9,148.5,106.92,320,0,908.36,-428.36,-428.36
2,9,5,9,148.5,106.92,320,0,1020.28,-540.28,-540.28
2,10,5,9,148.5,106.92,320,0,1132.2,-652.2,-652.2
2,3,5,10,147.5,106.2,320,0,348.6,131.4,131.4
2,4,5,10,147.5,106.2,320,0,459.8,20.2,20.2
2,5,5,10,147.5,106.2,320,0,571,-91,-91
2,6,5,10,147.5,106.2,320,0,682.2,-202.2,-202.2
2,7,5,10,147.5,106.2,320,0,793.4,-313.4,-313.4
2,8,5,10,147.5,106.2,320,0,904.6,-424.6,-424.6
2,9,5,10,147.5,106.2,320,0,1015.8,-535.8,-535.8
2,10,5,10,147.5,106.2,320,0,1127,-647,-647
2,3,6,3,154,110.88,320,0,350.64,129.36,129.36
2,4,6,3,154,110.88,320,0,467.52,12.48,12.48
2,5,6,3,154,110.88,320,0,584.4,-104.4,-104.4
2,6,6,3,154,110.88,320,0,701.28,-221.28,-221.28
2,7,6,3,154,110.88,320,0,818.16,-338.16,-338.16
2,8,6,3,154,110.88,320,0,935.04,-455.04,-455.04
2,9,6,3,154,110.88,320,0,1051.92,-571.92,-571.92
2,10,6,3,154,110.88,320,0,1168.8,-688.8,-688.8
2,3,6,4,153,110.16,320,0,350.48,129.52,129.52
2,4,6,4,153,110.16,320,0,466.64,13.36,13.36
2,5,6,4,153,110.16,320,0,582.8,-102.8,-102.8
2,6,6,4,153,110.16,320,0,698.96,-218.96,-218.96
2,7,6,4,153,110.16,320,0,815.12,-335.12,-335.12
2,8,6,4,153,110.16,320,0,931.28,-451.28,-451.28
2,9,6,4,153,110.16,320,0,1047.44,-567.44,-567.44
2,10,6,4,153,110.16,320,0,1163.6,-683.6,-683.6
2,3,6,5,152,109.44,320,0,350.32,129.68,129.68
2,4,6,5,152,109.44,320,0,465.76,14.24,14.24
2,5,6,5,152,109.44,320,0,581.2,-101.2,-101.2
2,6,6,5,152,109.44,320,0,696.64,-216.64,-216.64
2,7,6,5,152,109.44,320,0,812.08,-332.08,-332.08
2,8,6,5,152,109.44,320,0,927.52,-447.52,-447.52
2,9,6,5,152,109.44,320,0,1042.96,-562.96,-562.96
2,10,6,5,152,109.44,320,0,1158.4,-678.4,-678.4
2,3,6,6,151,108.72,320,0,350.16,129.84,129.84
2,4,6,6,151,108.72,320,0,464.88,15.12,15.12
2,5,6,6,151,108.72,320,0,579.6,-99.6,-99.6
2,6,6,6,151,108.72,320,0,694.32,-214.32,-214.32
2,7,6,6,151,108.72,320,0,809.04,-329.04,-329.04
2,8,6,6,151,108.72,320,0,923.76,-443.76,-443.76
2,9,6,6,151,108.72,320,0,1038.48,-558.48,-558.48
2,10,6,6,151,108.72,320,0,1153.2,-673.2,-673.2
2,3,6,7,150,108,320,0,350,130,130
2,4,6,7,150,108,320,0,464,16,16
2,5,6,7,150,108,320,0,578,-98,-98
2,6,6,7,150,108,320,0,692,-212,-212
2,7,6,7,150,108,320,0,806,-326,-326
2,8,6,7,150,108,320,0,920,-440,-440
2,9,6,7,150,108,320,0,1034,-554,-554
2,10,6,7,150,108,320,0,1148,-668,-668
2,3,6,8,149,107.28,320,0,349.84,130.16,130.16
2,4,6,8,149,107.28,320,0,463.12,16.88,16.88
2,5,6,8,149,107.28,320,0,576.4,-96.4,-96.4
2,6,6,8,149,107.28,320,0,689.68,-209.68,-209.68
2,7,6,8,149,107.28,320,0,802.96,-322.96,-322.96
2,8,6,8,149,107.28,320,0,916.24,-436.24,-436.24
2,9,6,8,149,107.28,320,0,1029.52,-549.52,-549.52
2,10,6,8,149,107.28,320,0,1142.8,-662.8,-662.8
2,3,6,9,148,106.56,320,0,349.68,130.32,130.32
2,4,6,9,148,106.56,320,0,462.24,17.76,17.76
2,5,6,9,148,106.56,320,0,574.8,-94.8,-94.8
2,6,6,9,148,106.56,320,0,687.36,-207.36,-207.36
2,7,6,9,148,106.56,320,0,799.92,-319.92,-319.92
2,8,6,9,148,106.56,320,0,912.48,-432.48,-432.48
2,9,6,9,148,106.56,320,0,1025.04,-545.04,-545.04
2,10,6,9,148,106.56,320,0,1137.6,-657.6,-657.6
2,3,6,10,147,105.84,320,0,349.52,130.48,130.48
2,4,6,10,147,105.84,320,0,461.36,18.64,18.64
2,5,6,10,147,105.84,320,0,573.2,-93.2,-93.2
2,6,6,10,147,105.84,320,0,685.04,-205.04,-205.04
2,7,6,10,147,105.84,320,0,796.88,-316.88,-316.88
2,8,6,10,147,105.84,320,0,908.72,-428.72,-428.72
2,9,6,10,147,105.84,320,0,1020.56,-540.56,-540.56
2,10,6,10,147,105.84,320,0,1132.4,-652.4,-652.4
2,3,7,3,153.5,110.52,320,0,351.56,128.44,128.44
2,4,7,3,153.5,110.52,320,0,469.08,10.92,10.92
2,5,7,3,153.5,110.52,320,0,586.6,-106.6,-106.6
2,6,7,3,153.5,110.52,320,0,704.12,-224.12,-224.12
2,7,7,3,153.5,110.52,320,0,821.64,-341.64,-341.64
2,8,7,3,153.5,110.52,320,0,939.16,-459.16,-459.16
2,9,7,3,153.5,110.52,320,0,1056.68,-576.68,-576.68
2,10,7,3,153.5,110.52,320,0,1174.2,-694.2,-694.2
2,3,7,4,152.5,109.8,320,0,351.4,128.6,128.6
2,4,7,4,152.5,109.8,320,0,468.2,11.8,11.8
2,5,7,4,152.5,109.8,320,0,585,-105,-105
2,6,7,4,152.5,109.8,320,0,701.8,-221.8,-221.8
2,7,7,4,152.5,109.8,320,0,818.6,-338.6,-338.6
2,8,7,4,152.5,109.8,320,0,935.4,-455.4,-455.4
2,9,7,4,152.5,109.8,320,0,1052.2,-572.2,-572.2
2,10,7,4,152.5,109.8,320,0,1169,-689,-689
2,3,7,5,151.5,109.08,320,0,351.24,128.76,128.76
2,4,7,5,151.5,109.08,320,0,467.32,12.68,12.68
2,5,7,5,151.5,109.08,320,0,583.4,-103.4,-103.4
2,6,7,5,151.5,109.08,320,0,699.48,-219.48,-219.48
2,7,7,5,151.5,109.08,320,0,815.56,-335.56,-335.56
2,8,7,5,151.5,109.08,320,0,931.64,-451.64,-451.64
2,9,7,5,151.5,109.08,320,0,1047.72,-567.72,-567.72
2,10,7,5,151.5,109.08,320,0,1163.8,-683.8,-683.8
2,3,7,6,150.5,108.36,320,0,351.08,128.92,128.92
2,4,7,6,150.5,108.36,320,0,466.44,13.56,13.56
2,5,7,6,150.5,108.36,320,0,581.8,-101.8,-101.8
2,6,7,6,150.5,108.36,320,0,697.16,-217.16,-217.16
2,7,7,6,150.5,108.36,320,0,812.52,-332.52,-332.52
2,8,7,6,150.5,108.36,320,0,927.88,-447.88,-447.88
2,9,7,6,150.5,108.36,320,0,1043.24,-563.24,-563.24
2,10,7,6,150.5,108.36,320,0,1158.6,-678.6,-678.6
2,3,7,7,149.5,107.64,320,0,350.92,129.08,129.08
2,4,7,7,149.5,107.64,320,0,465.56,14.44,14.44
2,5,7,7,149.5,107.64,320,0,580.2,-100.2,-100.2
2,6,7,7,149.5,107.64,320,0,694.84,-214.84,-214.84
2,7,7,7,149.5,107.64,320,0,809.48,-329.48,-329.48
2,8,7,7,149.5,107.64,320,0,924.12,-444.12,-444.12
2,9,7,7,149.5,107.64,320,0,1038.76,-558.76,-558.76
2,10,7,7,149.5,107.64,320,0,1153.4,-673.4,-673.4
2,3,7,8,148.5,106.92,320,0,350.76,129.24,129.24
2,4,7,8,148.5,106.92,320,0,464.68,15.32,15.32
2,5,7,8,148.5,106.92,320,0,578.6,-98.6,-98.6
2,6,7,8,148.5,106.92,320,0,692.52,-212.52,-212.52
2,7,7,8,148.5,106.92,320,0,806.44,-326.44,-326.44
2,8,7,8,148.5,106.92,320,0,920.36,-440.36,-440.36
2,9,7,8,148.5,106.92,320,0,1034.28,-554.28,-554.28
2,10,7,8,148.5,106.92,320,0,1148.2,-668.2,-668.2
2,3,7,9,147.5,106.2,320,0,350.6,129.4,129.4
2,4,7,9,147.5,106.2,320,0,463.8,16.2,16.2
2,5,7,9,147.5,106.2,320,0,577,-97,-97
2,6,7,9,147.5,106.2,320,0,690.2,-210.2,-210.2
2,7,7,9,147.5,106.2,320,0,803.4,-323.4,-323.4
2,8,7,9,147.5,106.2,320,0,916.6,-436.6,-436.6
2,9,7,9,147.5,106.2,320,0,1029.8,-549.8,-549.8
2,10,7,9,147.5,106.2,320,0,1143,-663,-663
2,3,7,10,146.5,105.48,320,0,350.44,129.56,129.56
2,4,7,10,146.5,105.48,320,0,462.92,17.08,17.08
2,5,7,10,146.5,105.48,320,0,575.4,-95.4,-95.4
2,6,7,10,146.5,105.48,320,0,687.88,-207.88,-207.88
2,7,7,10,146.5,105.48,320,0,800.36,-320.36,-320.36
2,8,7,10,146.5,105.48,320,0,912.84,-432.84,-432.84
2,9,7,10,146.5,105.48,320,0,1025.32,-545.32,-545.32
2,10,7,10,146.5,105.48,320,0,1137.8,-657.8,-657.8
2,3,8,3,153,110.16,320,0,352.48,127.52,127.52
2,4,8,3,153,110.16,320,0,470.64,9.36,9.36
2,5,8,3,153,110.16,320,0,588.8,-108.8,-108.8
2,6,8,3,153,110.16,320,0,706.96,-226.96,-226.96
2,7,8,3,153,110.16,320,0,825.12,-345.12,-345.12
2,8,8,3,153,110.16,320,0,943.28,-463.28,-463.28
2,9,8,3,153,110.16,320,0,1061.44,-581.44,-581.44
2,10,8,3,153,110.16,320,0,1179.6,-699.6,-699.6
2,3,8,4,152,109.44,320,0,352.32,127.68,127.68
2,4,8,4,152,109.44,320,0,469.76,10.24,10.24
2,5,8,4,152,109.44,320,0,587.2,-107.2,-107.2
2,6,8,4,152,109.44,320,0,704.64,-224.64,-224.64
2,7,8,4,152,109.44,320,0,822.08,-342.08,-342.08
2,8,8,4,152,109.44,320,0,939.52,-459.52,-459.52
2,9,8,4,152,109.44,320,0,1056.96,-576.96,-576.96
2,10,8,4,152,109.44,320,0,1174.4,-694.4,-694.4
2,3,8,5,151,108.72,320,0,352.16,127.84,127.84
2,4,8,5,151,108.72,320,0,468.88,11.12,11.12
2,5,8,5,151,108.72,320,0,585.6,-105.6,-105.6
2,6,8,5,151,108.72,320,0,702.32,-222.32,-222.32
2,7,8,5,151,108.72,320,0,819.04,-339.04,-339.04
2,8,8,5,151,108.72,320,0,935.76,-455.76,-455.76
2,9,8,5,151,108.72,320,0,1052.48,-572.48,-572.48
2,10,8,5,151,108.72,320,0,1169.2,-689.2,-689.2
2,3,8,6,150,108,320,0,352,128,128
2,4,8,6,150,108,320,0,468,12,12
2,5,8,6,150,108,320,0,584,-104,-104
2,6,8,6,150,108,320,0,700,-220,-220
2,7,8,6,150,108,320,0,816,-336,-336
2,8,8,6,150,108,320,0,932,-452,-452
2,9,8,6,150,108,320,0,1048,-568,-568
2,10,8,6,150,108,320,0,1164,-684,-684
2,3,8,7,149,107.28,320,0,351.84,128.16,128.16
2,4,8,7,149,107.28,320,0,467.12,12.88,12.88
2,5,8,7,149,107.28,320,0,582.4,-102.4,-102.4
2,6,8,7,149,107.28,320,0,697.68,-217.68,-217.68
2,7,8,7,149,107.28,320,0,812.96,-332.96,-332.96
2,8,8,7,149,107.28,320,0,928.24,-448.24,-448.24
2,9,8,7,149,107.28,320,0,1043.52,-563.52,-563.52
2,10,8,7,149,107.28,320,0,1158.8,-678.8,-678.8
2,3,8,8,148,106.56,320,0,351.68,128.32,128.32
2,4,8,8,148,106.56,320,0,466.24,13.76,13.76
2,5,8,8,148,106.56,320,0,580.8,-100.8,-100.8
2,6,8,8,148,106.56,320,0,695.36,-215.36,-215.36
2,7,8,8,148,106.56,320,0,809.92,-329.92,-329.92
2,8,8,8,148,106.56,320,0,924.48,-444.48,-444.48
2,9,8,8,148,106.56,320,0,1039.04,-559.04,-559.04
2,10,8,8,148,106.56,320,0,1153.6,-673.6,-673.6
2,3,8,9,147,105.84,320,0,351.52,128.48,128.48
2,4,8,9,147,105.84,320,0,465.36,14.64,14.64
2,5,8,9,147,105.84,320,0,579.2,-99.2,-99.2
2,6,8,9,147,105.84,320,0,693.04,-213.04,-213.04
2,7,8,9,147,105.84,320,0,806.88,-326.88,-326.88
2,8,8,9,147,105.84,320,0,920.72,-440.72,-440.72
2,9,8,9,147,105.84,320,0,1034.56,-554.56,-554.56
2,10,8,9,147,105.84,320,0,1148.4,-668.4,-668.4
2,3,8,10,146,105.12,320,0,351.36,128.64,128.64
2,4,8,10,146,105.12,320,0,464.48,15.52,15.52
2,5,8,10,146,105.12,320,0,577.6,-97.6,-97.6
2,6,8,10,146,105.12,320,0,690.72,-210.72,-210.72
2,7,8,10,146,105.12,320,0,803.84,-323.84,-323.84
2,8,8,10,146,105.12,320,0,916.96,-436.96,-436.96
2,9,8,10,146,105.12,320,0,1030.08,-550.08,-550.08
2,10,8,10,146,105.12,320,0,1143.2,-663.2,-663.2
2,3,9,3,152.5,109.8,320,0,353.4,126.6,126.6
2,4,9,3,152.5,109.8,320,0,472.2,7.8,7.8
2,5,9,3,152.5,109.8,320,0,591,-111,-111
2,6,9,3,152.5,109.8,320,0,709.8,-229.8,-229.8
2,7,9,3,152.5,109.8,320,0,828.6,-348.6,-348.6
2,8,9,3,152.5,109.8,320,0,947.4,-467.4,-467.4
2,9,9,3,152.5,109.8,320,0,1066.2,-586.2,-586.2
2,10,9,3,152.5,109.8,320,0,1185,-705,-705
2,3,9,4,151.5,109.08,320,0,353.24,126.76,126.76
2,4,9,4,151.5,109.08,320,0,471.32,8.68,8.68
2,5,9,4,151.5,109.08,320,0,589.4,-109.4,-109.4
2,6,9,4,151.5,109.08,320,0,707.48,-227.48,-227.48
2,7,9,4,151.5,109.08,320,0,825.56,-345.56,-345.56
2,8,9,4,151.5,109.08,320,0,943.64,-463.64,-463.64
2,9,9,4,151.5,109.08,320,0,1061.72,-581.72,-581.72
2,10,9,4,151.5,109.08,320,0,1179.8,-699.8,-699.8
2,3,9,5,150.5,108.36,320,0,353.08,126.92,126.92
2,4,9,5,150.5,108.36,320,0,470.44,9.56,9.56
2,5,9,5,150.5,108.36,320,0,587.8,-107.8,-107.8
2,6,9,5,150.5,108.36,320,0,705.16,-225.16,-225.16
2,7,9,5,150.5,108.36,320,0,822.52,-342.52,-342.52
2,8,9,5,150.5,108.36,320,0,939.88,-459.88,-459.88
2,9,9,5,150.5,108.36,320,0,1057.24,-577.24,-577.24
2,10,9,5,150.5,108.36,320,0,1174.6,-694.6,-694.6
2,3,9,6,149.5,107.64,320,0,352.92,127.08,127.08
2,4,9,6,149.5,107.64,320,0,469.56,10.44,10.44
2,5,9,6,149.5,107.64,320,0,586.2,-106.2,-106.2
2,6,9,6,149.5,107.64,320,0,702.84,-222.84,-222.84
2,7,9,6,149.5,107.64,320,0,819.48,-339.48,-339.48
2,8,9,6,149.5,107.64,320,0,936.12,-456.12,-456.12
2,9,9,6,149.5,107.64,320,0,1052.76,-572.76,-572.76
2,10,9,6,149.5,107.64,320,0,1169.4,-689.4,-689.4
2,3,9,7,148.5,106.92,320,0,352.76,127.24,127.24
2,4,9,7,148.5,106.92,320,0,468.68,11.32,11.32
2,5,9,7,148.5,106.92,320,0,584.6,-104.6,-104.6
2,6,9,7,148.5,106.92,320,0,700.52,-220.52,-220.52
2,7,9,7,148.5,106.92,320,0,816.44,-336.44,-336.44
2,8,9,7,148.5,106.92,320,0,932.36,-452.36,-452.36
2,9,9,7,148.5,106.92,320,0,1048.28,-568.28,-568.28
2,10,9,7,148.5,106.92,320,0,1164.2,-684.2,-684.2
2,3,9,8,147.5,106.2,320,0,352.6,127.4,127.4
2,4,9,8,147.5,106.2,320,0,467.8,12.2,12.2
2,5,9,8,147.5,106.2,320,0,583,-103,-103
2,6,9,8,147.5,106.2,320,0,698.2,-218.2,-218.2
2,7,9,8,147.5,106.2,320,0,813.4,-333.4,-333.4
2,8,9,8,147.5,106.2,320,0,928.6,-448.6,-448.6
2,9,9,8,147.5,106.2,320,0,1043.8,-563.8,-563.8
2,10,9,8,147.5,106.2,320,0,1159,-679,-679
2,3,9,9,146.5,105.48,320,0,352.44,127.56,127.56
2,4,9,9,146.5,105.48,320,0,466.92,13.08,13.08
2,5,9,9,146.5,105.48,320,0,581.4,-101.4,-101.4
2,6,9,9,146.5,105.48,320,0,695.88,-215.88,-215.88
2,7,9,9,146.5,105.48,320,0,810.36,-330.36,-330.36
2,8,9,9,146.5,105.48,320,0,924.84,-444.84,-444.84
2,9,9,9,146.5,105.48,320,0,1039.32,-559.32,-559.32
2,10,9,9,146.5,105.48,320,0,1153.8,-673.8,-673.8
2,3,9,10,145.5,104.76,320,0,352.28,127.72,127.72
2,4,9,10,145.5,104.76,320,0,466.04,13.96,13.96
2,5,9,10,145.5,104.76,320,0,579.8,-99.8,-99.8
2,6,9,10,145.5,104.76,320,0,693.56,-213.56,-213.56
2,7,9,10,145.5,104.76,320,0,807.32,-327.32,-327.32
2,8,9,10,145.5,104.76,320,0,921.08,-441.08,-441.08
2,9,9,10,145.5,104.76,320,0,1034.84,-554.84,-554.84
2,10,9,10,145.5,104.76,320,0,1148.6,-668.6,-668.6
2,3,10,3,152,109.44,320,0,354.32,125.68,125.68
2,4,10,3,152,109.44,320,0,473.76,6.24,6.24
2,5,10,3,152,109.44,320,0,593.2,-113.2,-113.2
2,6,10,3,152,109.44,320,0,712.64,-232.64,-232.64
2,7,10,3,152,109.44,320,0,832.08,-352.08,-352.08
2,8,10,3,152,109.44,320,0,951.52,-471.52,-471.52
2,9,10,3,152,109.44,320,0,1070.96,-590.96,-590.96
2,10,10,3,152,109.44,320,0,1190.4,-710.4,-710.4
2,3,10,4,151,108.72,320,0,354.16,125.84,125.84
2,4,10,4,151,108.72,320,0,472.88,7.12,7.12
2,5,10,4,151,108.72,320,0,591.6,-111.6,-111.6
2,6,10,4,151,108.72,320,0,710.32,-230.32,-230.32
2,7,10,4,151,108.72,320,0,829.04,-349.04,-349.04
2,8,10,4,151,108.72,320,0,947.76,-467.76,-467.76
2,9,10,4,151,108.72,320,0,1066.48,-586.48,-586.48
2,10,10,4,151,108.72,320,0,1185.2,-705.2,-705.2
2,3,10,5,150,108,320,0,354,126,126
2,4,10,5,150,108,320,0,472,8,8
2,5,10,5,150,108,320,0,590,-110,-110
2,6,10,5,150,108,320,0,708,-228,-228
2,7,10,5,150,108,320,0,826,-346,-346
2,8,10,5,150,108,320,0,944,-464,-464
2,9,10,5,150,108,320,0,1062,-582,-582
2,10,10,5,150,108,320,0,1180,-700,-700
2,3,10,6,149,107.28,320,0,353.84,126.16,126.16
2,4,10,6,149,107.28,320,0,471.12,8.88,8.88
2,5,10,6,149,107.28,320,0,588.4,-108.4,-108.4
2,6,10,6,149,107.28,320,0,705.68,-225.68,-225.68
2,7,10,6,149,107.28,320,0,822.96,-342.96,-342.96
2,8,10,6,149,107.28,320,0,940.24,-460.24,-460.24
2,9,10,6,149,107.28,320,0,1057.52,-577.52,-577.52
2,10,10,6,149,107.28,320,0,1174.8,-694.8,-694.8
2,3,10,7,148,106.56,320,0,353.68,126.32,126.32
2,4,10,7,148,106.56,320,0,470.24,9.76,9.76
2,5,10,7,148,106.56,320,0,586.8,-106.8,-106.8
2,6,10,7,148,106.56,320,0,703.36,-223.36,-223.36
2,7,10,7,148,106.56,320,0,819.92,-339.92,-339.92
2,8,10,7,148,106.56,320,0,936.48,-456.48,-456.48
2,9,10,7,148,106.56,320,0,1053.04,-573.04,-573.04
2,10,10,7,148,106.56,320,0,1169.6,-689.6,-689.6
2,3,10,8,147,105.84,320,0,353.52,126.48,126.48
2,4,10,8,147,105.84,320,0,469.36,10.64,10.64
2,5,10,8,147,105.84,320,0,585.2,-105.2,-105.2
2,6,10,8,147,105.84,320,0,701.04,-221.04,-221.04
2,7,10,8,147,105.84,320,0,816.88,-336.88,-336.88
2,8,10,8,147,105.84,320,0,932.72,-452.72,-452.72
2,9,10,8,147,105.84,320,0,1048.56,-568.56,-568.56
2,10,10,8,147,105.84,320,0,1164.4,-684.4,-684.4
2,3,10,9,146,105.12,320,0,353.36,126.64,126.64
2,4,10,9,146,105.12,320,0,468.48,11.52,11.52
2,5,10,9,146,105.12,320,0,583.6,-103.6,-103.6
2,6,10,9,146,105.12,320,0,698.72,-218.72,-218.72
2,7,10,9,146,105.12,320,0,813.84,-333.84,-333.84
2,8,10,9,146,105.12,320,0,928.96,-448.96,-448.96
2,9,10,9,146,105.12,320,0,1044.08,-564.08,-564.08
2,10,10,9,146,105.12,320,0,1159.2,-679.2,-679.2
2,3,10,10,145,104.4,320,0,353.2,126.8,126.8
2,4,10,10,145,104.4,320,0,467.6,12.4,12.4
2,5,10,10,145,104.4,320,0,582,-102,-102
2,6,10,10,145,104.4,320,0,696.4,-216.4,-216.4
2,7,10,10,145,104.4,320,0,810.8,-330.8,-330.8
2,8,10,10,145,104.4,320,0,925.2,-445.2,-445.2
2,9,10,10,145,104.4,320,0,1039.6,-559.6,-559.6
2,10,10,10,145,104.4,320,0,1154,-674,-674
3,3,3,3,102.67,73.92,320,0,233.76,246.24,246.24
3,4,3,3,102.67,73.92,320,0,310.68,169.32,169.32
3,5,3,3,102.67,73.92,320,0,387.6,92.4,92.4
3,6,3,3,102.67,73.92,320,0,464.52,15.48,15.48
3,7,3,3,102.67,73.92,320,0,541.44,-61.44,-61.44
3,8,3,3,102.67,73.92,320,0,618.36,-138.36,-138.36
3,9,3,3,102.67,73.92,320,0,695.28,-215.28,-215.28
3,10,3,3,102.67,73.92,320,0,772.2,-292.2,-292.2
3,3,3,4,102,73.44,320,0,234.32,245.68,245.68
3,4,3,4,102,73.44,320,0,310.76,169.24,169.24
3,5,3,4,102,73.44,320,0,387.2,92.8,92.8
3,6,3,4,102,73.44,320,0,463.64,16.36,16.36
3,7,3,4,102,73.44,320,0,540.08,-60.08,-60.08
3,8,3,4,102,73.44,320,0,616.52,-136.52,-136.52
3,9,3,4,102,73.44,320,0,692.96,-212.96,-212.96
3,10,3,4,102,73.44,320,0,769.4,-289.4,-289.4
3,3,3,5,101.33,72.96,320,0,234.88,245.12,245.12
3,4,3,5,101.33,72.96,320,0,310.84,169.16,169.16
3,5,3,5,101.33,72.96,320,0,386.8,93.2,93.2
3,6,3,5,101.33,72.96,320,0,462.76,17.24,17.24
3,7,3,5,101.33,72.96,320,0,538.72,-58.72,-58.72
3,8,3,5,101.33,72.96,320,0,614.68,-134.68,-134.68
3,9,3,5,101.33,72.96,320,0,690.64,-210.64,-210.64
3,10,3,5,101.33,72.96,320,0,766.6,-286.6,-286.6
3,3,3,6,100.67,72.48,320,0,235.44,244.56,244.56
3,4,3,6,100.67,72.48,320,0,310.92,169.08,169.08
3,5,3,6,100.67,72.48,320,0,386.4,93.6,93.6
3,6,3,6,100.67,72.48,320,0,461.88,18.12,18.12
3,7,3,6,100.67,72.48,320,0,537.36,-57.36,-57.36
3,8,3,6,100.67,72.48,320,0,612.84,-132.84,-132.84
3,9,3,6,100.67,72.48,320,0,688.32,-208.32,-208.32
3,10,3,6,100.67,72.48,320,0,763.8,-283.8,-283.8
3,3,3,7,100,72,320,0,236,244,244
3,4,3,7,100,72,320,0,311,169,169
3,5,3,7,100,72,320,0,386,94,94
3,6,3,7,100,72,320,0,461,19,19
3,7,3,7,100,72,320,0,536,-56,-56
3,8,3,7,100,72,320,0,611,-131,-131
3,9,3,7,100,72,320,0,686,-206,-206
3,10,3,7,100,72,320,0,761,-281,-281
3,3,3,8,99.33,71.52,320,0,236.56,243.44,243.44
3,4,3,8,99.33,71.52,320,0,311.08,168.92,168.92
3,5,3,8,99.33,71.52,320,0,385.6,94.4,94.4
3,6,3,8,99.33,71.52,320,0,460.12,19.88,19.88
3,7,3,8,99.33,71.52,320,0,534.64,-54.64,-54.64
3,8,3,8,99.33,71.52,320,0,609.16,-129.16,-129.16
3,9,3,8,99.33,71.52,320,0,683.68,-203.68,-203.68
3,10,3,8,99.33,71.52,320,0,758.2,-278.2,-278.2
3,3,3,9,98.67,71.04,320,0,237.12,242.88,242.88
3,4,3,9,98.67,71.04,320,0,311.16,168.84,168.84
3,5,3,9,98.67,71.04,320,0,385.2,94.8,94.8
3,6,3,9,98.67,71.04,320,0,459.24,20.76,20.76
3,7,3,9,98.67,71.04,320,0,533.28,-53.28,-53.28
3,8,3,9,98.67,71.04,320,0,607.32,-127.32,-127.32
3,9,3,9,98.67,71.04,320,0,681.36,-201.36,-201.36
3,10,3,9,98.67,71.04,320,0,755.4,-275.4,-275.4
3,3,3,10,98,70.56,320,0,237.68,242.32,242.32
3,4,3,10,98,70.56,320,0,311.24,168.76,168.76
3,5,3,10,98,70.56,320,0,384.8,95.2,95.2
3,6,3,10,98,70.56,320,0,458.36,21.64,21.64
3,7,3,10,98,70.56,320,0,531.92,-51.92,-51.92
3,8,3,10,98,70.56,320,0,605.48,-125.48,-125.48
3,9,3,10,98,70.56,320,0,679.04,-199.04,-199.04
3,10,3,10,98,70.56,320,0,752.6,-272.6,-272.6
3,3,4,3,102,73.44,320,0,234.32,245.68,245.68
3,4,4,3,102,73.44,320,0,311.76,168.24,168.24
3,5,4,3,102,73.44,320,0,389.2,90.8,90.8
3,6,4,3,102,73.44,320,0,466.64,13.36,13.36
3,7,4,3,102,73.44,320,0,544.08,-64.08,-64.08
3,8,4,3,102,73.44,320,0,621.52,-141.52,-141.52
3,9,4,3,102,73.44,320,0,698.96,-218.96,-218.96
3,10,4,3,102,73.44,320,0,776.4,-296.4,-296.4
3,3,4,4,101.33,72.96,320,0,234.88,245.12,245.12
3,4,4,4,101.33,72.96,320,0,311.84,168.16,168.16
3,5,4,4,101.33,72.96,320,0,388.8,91.2,91.2
3,6,4,4,101.33,72.96,320,0,465.76,14.24,14.24
3,7,4,4,101.33,72.96,320,0,542.72,-62.72,-62.72
3,8,4,4,101.33,72.96,320,0,619.68,-139.68,-139.68
3,9,4,4,101.33,72.96,320,0,696.64,-216.64,-216.64
3,10,4,4,101.33,72.96,320,0,773.6,-293.6,-293.6
3,3,4,5,100.67,72.48,320,0,235.44,244.56,244.56
3,4,4,5,100.67,72.48,320,0,311.92,168.08,168.08
3,5,4,5,100.67,72.48,320,0,388.4,91.6,91.6
3,6,4,5,100.67,72.48,320,0,464.88,15.12,15.12
3,7,4,5,100.67,72.48,320,0,541.36,-61.36,-61.36
3,8,4,5,100.67,72.48,320,0,617.84,-137.84,-137.84
3,9,4,5,100.67,72.48,320,0,694.32,-214.32,-214.32
3,10,4,5,100.67,72.48,320,0,770.8,-290.8,-290.8
3,3,4,6,100,72,320,0,236,244,244
3,4,4,6,100,72,320,0,312,168,168
3,5,4,6,100,72,320,0,388,92,92
3,6,4,6,100,72,320,0,464,16,16
3,7,4,6,100,72,320,0,540,-60,-60
3,8,4,6,100,72,320,0,616,-136,-136
3,9,4,6,100,72,320,0,692,-212,-212
3,10,4,6,100,72,320,0,768,-288,-288
3,3,4,7,99.33,71.52,320,0,236.56,243.44,243.44
3,4,4,7,99.33,71.52,320,0,312.08,167.92,167.92
3,5,4,7,99.33,71.52,320,0,387.6,92.4,92.4
3,6,4,7,99.33,71.52,320,0,463.12,16.88,16.88
3,7,4,7,99.33,71.52,320,0,538.64,-58.64,-58.64
3,8,4,7,99.33,71.52,320,0,614.16,-134.16,-134.16
3,9,4,7,99.33,71.52,320,0,689.68,-209.68,-209.68
3,10,4,7,99.33,71.52,320,0,765.2,-285.2,-285.2
3,3,4,8,98.67,71.04,320,0,237.12,242.88,242.88
3,4,4,8,98.67,71.04,320,0,312.16,167.84,167.84
3,5,4,8,98.67,71.04,320,0,387.2,92.8,92.8
3,6,4,8,98.67,71.04,320,0,462.24,17.76,17.76
3,7,4,8,98.67,71.04,320,0,537.28,-57.28,-57.28
3,8,4,8,98.67,71.04,320,0,612.32,-132.32,-132.32
3,9,4,8,98.67,71.04,320,0,687.36,-207.36,-207.36
3,10,4,8,98.67,71.04,320,0,762.4,-282.4,-282.4
3,3,4,9,98,70.56,320,0,237.68,242.32,242.32
3,4,4,9,98,70.56,320,0,312.24,167.76,167.76
3,5,4,9,98,70.56,320,0,386.8,93.2,93.2
3,6,4,9,98,70.56,320,0,461.36,18.64,18.64
3,7,4,9,98,70.56,320,0,535.92,-55.92,-55.92
3,8,4,9,98,70.56,320,0,610.48,-130.48,-130.48
3,9,4,9,98,70.56,320,0,685.04,-205.04,-205.04
3,10,4,9,98,70.56,320,0,759.6,-279.6,-279.6
3,3,4,10,97.33,70.08,320,0,238.24,241.76,241.76
3,4,4,10,97.33,70.08,320,0,312.32,167.68,167.68
3,5,4,10,97.33,70.08,320,0,386.4,93.6,93.6
3,6,4,10,97.33,70.08,320,0,460.48,19.52,19.52
3,7,4,10,97.33,70.08,320,0,534.56,-54.56,-54.56
3,8,4,10,97.33,70.08,320,0,608.64,-128.64,-128.64
3,9,4,10,97.33,70.08,320,0,682.72,-202.72,-202.72
3,10,4,10,97.33,70.08,320,0,756.8,-276.8,-276.8
3,3,5,3,101.33,72.96,320,0,234.88,245.12,245.12
3,4,5,3,101.33,72.96,320,0,312.84,167.16,167.16
3,5,5,3,101.33,72.96,320,0,390.8,89.2,89.2
3,6,5,3,101.33,72.96,320,0,468.76,11.24,11.24
3,7,5,3,101.33,72.96,320,0,546.72,-66.72,-66.72
3,8,5,3,101.33,72.96,320,0,624.68,-144.68,-144.68
3,9,5,3,101.33,72.96,320,0,702.64,-222.64,-222.64
3,10,5,3,101.33,72.96,320,0,780.6,-300.6,-300.6
3,3,5,4,100.67,72.48,320,0,235.44,244.56,244.56
3,4,5,4,100.67,72.48,320,0,312.92,167.08,167.08
3,5,5,4,100.67,72.48,320,0,390.4,89.6,89.6
3,6,5,4,100.67,72.48,320,0,467.88,12.12,12.12
3,7,5,4,100.67,72.48,320,0,545.36,-65.36,-65.36
3,8,5,4,100.67,72.48,320,0,622.84,-142.84,-142.84
3,9,5,4,100.67,72.48,320,0,700.32,-220.32,-220.32
3,10,5,4,100.67,72.48,320,0,777.8,-297.8,-297.8
3,3,5,5,100,72,320,0,236,244,244
3,4,5,5,100,72,320,0,313,167,167
3,5,5,5,100,72,320,0,390,90,90
3,6,5,5,100,72,320,0,467,13,13
3,7,5,5,100,72,320,0,544,-64,-64
3,8,5,5,100,72,320,0,621,-141,-141
3,9,5,5,100,72,320,0,698,-218,-218
3,10,5,5,100,72,320,0,775,-295,-295
3,3,5,6,99.33,71.52,320,0,236.56,243.44,243.44
3,4,5,6,99.33,71.52,320,0,313.08,166.92,166.92
3,5,5,6,99.33,71.52,320,0,389.6,90.4,90.4
3,6,5,6,99.33,71.52,320,0,466.12,13.88,13.88
3,7,5,6,99.33,71.52,320,0,542.64,-62.64,-62.64
3,8,5,6,99.33,71.52,320,0,619.16,-139.16,-139.16
3,9,5,6,99.33,71.52,320,0,695.68,-215.68,-215.68
3,10,5,6,99.33,71.52,320,0,772.2,-292.2,-292.2
3,3,5,7,98.67,71.04,320,0,237.12,242.88,242.88
3,4,5,7,98.67,71.04,320,0,313.16,166.84,166.84
3,5,5,7,98.67,71.04,320,0,389.2,90.8,90.8
3,6,5,7,98.67,71.04,320,0,465.24,14.76,14.76
3,7,5,7,98.67,71.04,320,0,541.28,-61.28,-61.28
3,8,5,7,98.67,71.04,320,0,617.32,-137.32,-137.32
3,9,5,7,98.67,71.04,320,0,693.36,-213.36,-213.36
3,10,5,7,98.67,71.04,320,0,769.4,-289.4,-289.4
3,3,5,8,98,70.56,320,0,237.68,242.32,242.32
3,4,5,8,98,70.56,320,0,313.24,166.76,166.76
3,5,5,8,98,70.56,320,0,388.8,91.2,91.2
3,6,5,8,98,70.56,320,0,464.36,15.64,15.64
3,7,5,8,98,70.56,320,0,539.92,-59.92,-59.92
3,8,5,8,98,70.56,320,0,615.48,-135.48,-135.48
3,9,5,8,98,70.56,320,0,691.04,-211.04,-211.04
3,10,5,8,98,70.56,320,0,766.6,-286.6,-286.6
3,3,5,9,97.33,70.08,320,0,238.24,241.76,241.76
3,4,5,9,97.33,70.08,320,0,313.32,166.68,166.68
3,5,5,9,97.33,70.08,320,0,388.4,91.6,91.6
3,6,5,9,97.33,70.08,320,0,463.48,16.52,16.52
3,7,5,9,97.33,70.08,320,0,538.56,-58.56,-58.56
3,8,5,9,97.33,70.08,320,0,613.64,-133.64,-133.64
3,9,5,9,97.33,70.08,320,0,688.72,-208.72,-208.72
3,10,5,9,97.33,70.08,320,0,763.8,-283.8,-283.8
3,3,5,10,96.67,69.6,320,0,238.8,241.2,241.2
3,4,5,10,96.67,69.6,320,0,313.4,166.6,166.6
3,5,5,10,96.67,69.6,320,0,388,92,92
3,6,5,10,96.67,69.6,320,0,462.6,17.4,17.4
3,7,5,10,96.67,69.6,320,0,537.2,-57.2,-57.2
3,8,5,10,96.67,69.6,320,0,611.8,-131.8,-131.8
3,9,5,10,96.67,69.6,320,0,686.4,-206.4,-206.4
3,10,5,10,96.67,69.6,320,0,761,-281,-281
3,3,6,3,100.67,72.48,320,0,235.44,244.56,244.56
3,4,6,3,100.67,72.48,320,0,313.92,166.08,166.08
3,5,6,3,100.67,72.48,320,0,392.4,87.6,87.6
3,6,6,3,100.67,72.48,320,0,470.88,9.12,9.12
3,7,6,3,100.67,72.48,320,0,549.36,-69.36,-69.36
3,8,6,3,100.67,72.48,320,0,627.84,-147.84,-147.84
3,9,6,3,100.67,72.48,320,0,706.32,-226.32,-226.32
3,10,6,3,100.67,72.48,320,0,784.8,-304.8,-304.8
3,3,6,4,100,72,320,0,236,244,244
3,4,6,4,100,72,320,0,314,166,166
3,5,6,4,100,72,320,0,392,88,88
3,6,6,4,100,72,320,0,470,10,10
3,7,6,4,100,72,320,0,548,-68,-68
3,8,6,4,100,72,320,0,626,-146,-146
3,9,6,4,100,72,320,0,704,-224,-224
3,10,6,4,100,72,320,0,782,-302,-302
3,3,6,5,99.33,71.52,320,0,236.56,243.44,243.44
3,4,6,5,99.33,71.52,320,0,314.08,165.92,165.92
3,5,6,5,99.33,71.52,320,0,391.6,88.4,88.4
3,6,6,5,99.33,71.52,320,0,469.12,10.88,10.88
3,7,6,5,99.33,71.52,320,0,546.64,-66.64,-66.64
3,8,6,5,99.33,71.52,320,0,624.16,-144.16,-144.16
3,9,6,5,99.33,71.52,320,0,701.68,-221.68,-221.68
3,10,6,5,99.33,71.52,320,0,779.2,-299.2,-299.2
3,3,6,6,98.67,71.04,320,0,237.12,242.88,242.88
3,4,6,6,98.67,71.04,320,0,314.16,165.84,165.84
3,5,6,6,98.67,71.04,320,0,391.2,88.8,88.8
3,6,6,6,98.67,71.04,320,0,468.24,11.76,11.76
3,7,6,6,98.67,71.04,320,0,545.28,-65.28,-65.28
3,8,6,6,98.67,71.04,320,0,622.32,-142.32,-142.32
3,9,6,6,98.67,71.04,320,0,699.36,-219.36,-219.36
3,10,6,6,98.67,71.04,320,0,776.4,-296.4,-296.4
3,3,6,7,98,70.56,320,0,237.68,242.32,242.32
3,4,6,7,98,70.56,320,0,314.24,165.76,165.76
3,5,6,7,98,70.56,320,0,390.8,89.2,89.2
3,6,6,7,98,70.56,320,0,467.36,12.64,12.64
3,7,6,7,98,70.56,320,0,543.92,-63.92,-63.92
3,8,6,7,98,70.56,320,0,620.48,-140.48,-140.48
3,9,6,7,98,70.56,320,0,697.04,-217.04,-217.04
3,10,6,7,98,70.56,320,0,773.6,-293.6,-293.6
3,3,6,8,97.33,70.08,320,0,238.24,241.76,241.76
3,4,6,8,97.33,70.08,320,0,314.32,165.68,165.68
3,5,6,8,97.33,70.08,320,0,390.4,89.6,89.6
3,6,6,8,97.33,70.08,320,0,466.48,13.52,13.52
3,7,6,8,97.33,70.08,320,0,542.56,-62.56,-62.56
3,8,6,8,97.33,70.08,320,0,618.64,-138.64,-138.64
3,9,6,8,97.33,70.08,320,0,694.72,-214.72,-214.72
3,10,6,8,97.33,70.08,320,0,770.8,-290.8,-290.8
3,3,6,9,96.67,69.6,320,0,238.8,241.2,241.2
3,4,6,9,96.67,69.6,320,0,314.4,165.6,165.6
3,5,6,9,96.67,69.6,320,0,390,90,90
3,6,6,9,96.67,69.6,320,0,465.6,14.4,14.4
3,7,6,9,96.67,69.6,320,0,541.2,-61.2,-61.2
3,8,6,9,96.67,69.6,320,0,616.8,-136.8,-136.8
3,9,6,9,96.67,69.6,320,0,692.4,-212.4,-212.4
3,10,6,9,96.67,69.6,320,0,768,-288,-288
3,3,6,10,96,69.12,320,0,239.36,240.64,240.64
3,4,6,10,96,69.12,320,0,314.48,165.52,165.52
3,5,6,10,96,69.12,320,0,389.6,90.4,90.4
3,6,6,10,96,69.12,320,0,464.72,15.28,15.28
3,7,6,10,96,69.12,320,0,539.84,-59.84,-59.84
3,8,6,10,96,69.12,320,0,614.96,-134.96,-134.96
3,9,6,10,96,69.12,320,0,690.08,-210.08,-210.08
3,10,6,10,96,69.12,320,0,765.2,-285.2,-285.2
3,3,7,3,100,72,320,0,236,244,244
3,4,7,3,100,72,320,0,315,165,165
3,5,7,3,100,72,320,0,394,86,86
3,6,7,3,100,72,320,0,473,7,7
3,7,7,3,100,72,320,0,552,-72,-72
3,8,7,3,100,72,320,0,631,-151,-151
3,9,7,3,100,72,320,0,710,-230,-230
3,10,7,3,100,72,320,0,789,-309,-309
3,3,7,4,99.33,71.52,320,0,236.56,243.44,243.44
3,4,7,4,99.33,71.52,320,0,315.08,164.92,164.92
3,5,7,4,99.33,71.52,320,0,393.6,86.4,86.4
3,6,7,4,99.33,71.52,320,0,472.12,7.88,7.88
3,7,7,4,99.33,71.52,320,0,550.64,-70.64,-70.64
3,8,7,4,99.33,71.52,320,0,629.16,-149.16,-149.16
3,9,7,4,99.33,71.52,320,0,707.68,-227.68,-227.68
3,10,7,4,99.33,71.52,320,0,786.2,-306.2,-306.2
3,3,7,5,98.67,71.04,320,0,237.12,242.88,242.88
3,4,7,5,98.67,71.04,320,0,315.16,164.84,164.84
3,5,7,5,98.67,71.04,320,0,393.2,86.8,86.8
3,6,7,5,98.67,71.04,320,0,471.24,8.76,8.76
3,7,7,5,98.67,71.04,320,0,549.28,-69.28,-69.28
3,8,7,5,98.67,71.04,320,0,627.32,-147.32,-147.32
3,9,7,5,98.67,71.04,320,0,705.36,-225.36,-225.36
3,10,7,5,98.67,71.04,320,0,783.4,-303.4,-303.4
3,3,7,6,98,70.56,320,0,237.68,242.32,242.32
3,4,7,6,98,70.56,320,0,315.24,164.76,164.76
3,5,7,6,98,70.56,320,0,392.8,87.2,87.2
3,6,7,6,98,70.56,320,0,470.36,9.64,9.64
3,7,7,6,98,70.56,320,0,547.92,-67.92,-67.92
3,8,7,6,98,70.56,320,0,625.48,-145.48,-145.48
3,9,7,6,98,70.56,320,0,703.04,-223.04,-223.04
3,10,7,6,98,70.56,320,0,780.6,-300.6,-300.6
3,3,7,7,97.33,70.08,320,0,238.24,241.76,241.76
3,4,7,7,97.33,70.08,320,0,315.32,164.68,164.68
3,5,7,7,97.33,70.08,320,0,392.4,87.6,87.6
3,6,7,7,97.33,70.08,320,0,469.48,10.52,10.52
3,7,7,7,97.33,70.08,320,0,546.56,-66.56,-66.56
3,8,7,7,97.33,70.08,320,0,623.64,-143.64,-143.64
3,9,7,7,97.33,70.08,320,0,700.72,-220.72,-220.72
3,10,7,7,97.33,70.08,320,0,777.8,-297.8,-297.8
3,3,7,8,96.67,69.6,320,0,238.8,241.2,241.2
3,4,7,8,96.67,69.6,320,0,315.4,164.6,164.6
3,5,7,8,96.67,69.6,320,0,392,88,88
3,6,7,8,96.67,69.6,320,0,468.6,11.4,11.4
3,7,7,8,96.67,69.6,320,0,545.2,-65.2,-65.2
3,8,7,8,96.67,69.6,320,0,621.8,-141.8,-141.8
3,9,7,8,96.67,69.6,320,0,698.4,-218.4,-218.4
3,10,7,8,96.67,69.6,320,0,775,-295,-295
3,3,7,9,96,69.12,320,0,239.36,240.64,240.64
3,4,7,9,96,69.12,320,0,315.48,164.52,164.52
3,5,7,9,96,69.12,320,0,391.6,88.4,88.4
3,6,7,9,96,69.12,320,0,467.72,12.28,12.28
3,7,7,9,96,69.12,320,0,543.84,-63.84,-63.84
3,8,7,9,96,69.12,320,0,619.96,-139.96,-139.96
3,9,7,9,96,69.12,320,0,696.08,-216.08,-216.08
3,10,7,9,96,69.12,320,0,772.2,-292.2,-292.2
3,3,7,10,95.33,68.64,320,0,239.92,240.08,240.08
3,4,7,10,95.33,68.64,320,0,315.56,164.44,164.44
3,5,7,10,95.33,68.64,320,0,391.2,88.8,88.8
3,6,7,10,95.33,68.64,320,0,466.84,13.16,13.16
3,7,7,10,95.33,68.64,320,0,542.48,-62.48,-62.48
3,8,7,10,95.33,68.64,320,0,618.12,-138.12,-138.12
3,9,7,10,95.33,68.64,320,0,693.76,-213.76,-213.76
3,10,7,10,95.33,68.64,320,0,769.4,-289.4,-289.4
3,3,8,3,99.33,71.52,320,0,236.56,243.44,243.44
3,4,8,3,99.33,71.52,320,0,316.08,163.92,163.92
3,5,8,3,99.33,71.52,320,0,395.6,84.4,84.4
3,6,8,3,99.33,71.52,320,0,475.12,4.88,4.88
3,7,8,3,99.33,71.52,320,0,554.64,-74.64,-74.64
3,8,8,3,99.33,71.52,320,0,634.16,-154.16,-154.16
3,9,8,3,99.33,71.52,320,0,713.68,-233.68,-233.68
3,10,8,3,99.33,71.52,320,0,793.2,-313.2,-313.2
3,3,8,4,98.67,71.04,320,0,237.12,242.88,242.88
3,4,8,4,98.67,71.04,320,0,316.16,163.84,163.84
3,5,8,4,98.67,71.04,320,0,395.2,84.8,84.8
3,6,8,4,98.67,71.04,320,0,474.24,5.76,5.76
3,7,8,4,98.67,71.04,320,0,553.28,-73.28,-73.28
3,8,8,4,98.67,71.04,320,0,632.32,-152.32,-152.32
3,9,8,4,98.67,71.04,320,0,711.36,-231.36,-231.36
3,10,8,4,98.67,71.04,320,0,790.4,-310.4,-310.4
3,3,8,5,98,70.56,320,0,237.68,242.32,242.32
3,4,8,5,98,70.56,320,0,316.24,163.76,163.76
3,5,8,5,98,70.56,320,0,394.8,85.2,85.2
3,6,8,5,98,70.56,320,0,473.36,6.64,6.64
3,7,8,5,98,70.56,320,0,551.92,-71.92,-71.92
3,8,8,5,98,70.56,320,0,630.48,-150.48,-150.48
3,9,8,5,98,70.56,320,0,709.04,-229.04,-229.04
3,10,8,5,98,70.56,320,0,787.6,-307.6,-307.6
3,3,8,6,97.33,70.08,320,0,238.24,241.76,241.76
3,4,8,6,97.33,70.08,320,0,316.32,163.68,163.68
3,5,8,6,97.33,70.08,320,0,394.4,85.6,85.6
3,6,8,6,97.33,70.08,320,0,472.48,7.52,7.52
3,7,8,6,97.33,70.08,320,0,550.56,-70.56,-70.56
3,8,8,6,97.33,70.08,320,0,628.64,-148.64,-148.64
3,9,8,6,97.33,70.08,320,0,706.72,-226.72,-226.72
3,10,8,6,97.33,70.08,320,0,784.8,-304.8,-304.8
3,3,8,7,96.67,69.6,320,0,238.8,241.2,241.2
3,4,8,7,96.67,69.6,320,0,316.4,163.6,163.6
3,5,8,7,96.67,69.6,320,0,394,86,86
3,6,8,7,96.67,69.6,320,0,471.6,8.4,8.4
3,7,8,7,96.67,69.6,320,0,549.2,-69.2,-69.2
3,8,8,7,96.67,69.6,320,0,626.8,-146.8,-146.8
3,9,8,7,96.67,69.6,320,0,704.4,-224.4,-224.4
3,10,8,7,96.67,69.6,320,0,782,-302,-302
3,3,8,8,96,69.12,320,0,239.36,240.64,240.64
3,4,8,8,96,69.12,320,0,316.48,163.52,163.52
3,5,8,8,96,69.12,320,0,393.6,86.4,86.4
3,6,8,8,96,69.12,320,0,470.72,9.28,9.28
3,7,8,8,96,69.12,320,0,547.84,-67.84,-67.84
3,8,8,8,96,69.12,320,0,624.96,-144.96,-144.96
3,9,8,8,96,69.12,320,0,702.08,-222.08,-222.08
3,10,8,8,96,69.12,320,0,779.2,-299.2,-299.2
3,3,8,9,95.33,68.64,320,0,239.92,240.08,240.08
3,4,8,9,95.33,68.64,320,0,316.56,163.44,163.44
3,5,8,9,95.33,68.64,320,0,393.2,86.8,86.8
3,6,8,9,95.33,68.64,320,0,469.84,10.16,10.16
3,7,8,9,95.33,68.64,320,0,546.48,-66.48,-66.48
3,8,8,9,95.33,68.64,320,0,623.12,-143.12,-143.12
3,9,8,9,95.33,68.64,320,0,699.76,-219.76,-219.76
3,10,8,9,95.33,68.64,320,0,776.4,-296.4,-296.4
3,3,8,10,94.67,68.16,320,0,240.48,239.52,239.52
3,4,8,10,94.67,68.16,320,0,316.64,163.36,163.36
3,5,8,10,94.67,68.16,320,0,392.8,87.2,87.2
3,6,8,10,94.67,68.16,320,0,468.96,11.04,11.04
3,7,8,10,94.67,68.16,320,0,545.12,-65.12,-65.12
3,8,8,10,94.67,68.16,320,0,621.28,-141.28,-141.28
3,9,8,10,94.67,68.16,320,0,697.44,-217.44,-217.44
3,10,8,10,94.67,68.16,320,0,773.6,-293.6,-293.6
3,3,9,3,98.67,71.04,320,0,237.12,242.88,242.88
3,4,9,3,98.67,71.04,320,0,317.16,162.84,162.84
3,5,9,3,98.67,71.04,320,0,397.2,82.8,82.8
3,6,9,3,98.67,71.04,320,0,477.24,2.76,2.76
3,7,9,3,98.67,71.04,320,0,557.28,-77.28,-77.28
3,8,9,3,98.67,71.04,320,0,637.32,-157.32,-157.32
3,9,9,3,98.67,71.04,320,0,717.36,-237.36,-237.36
3,10,9,3,98.67,71.04,320,0,797.4,-317.4,-317.4
3,3,9,4,98,70.56,320,0,237.68,242.32,242.32
3,4,9,4,98,70.56,320,0,317.24,162.76,162.76
3,5,9,4,98,70.56,320,0,396.8,83.2,83.2
3,6,9,4,98,70.56,320,0,476.36,3.64,3.64
3,7,9,4,98,70.56,320,0,555.92,-75.92,-75.92
3,8,9,4,98,70.56,320,0,635.48,-155.48,-155.48
3,9,9,4,98,70.56,320,0,715.04,-235.04,-235.04
3,10,9,4,98,70.56,320,0,794.6,-314.6,-314.6
3,3,9,5,97.33,70.08,320,0,238.24,241.76,241.76
3,4,9,5,97.33,70.08,320,0,317.32,162.68,162.68
3,5,9,5,97.33,70.08,320,0,396.4,83.6,83.6
3,6,9,5,97.33,70.08,320,0,475.48,4.52,4.52
3,7,9,5,97.33,70.08,320,0,554.56,-74.56,-74.56
3,8,9,5,97.33,70.08,320,0,633.64,-153.64,-153.64
3,9,9,5,97.33,70.08,320,0,712.72,-232.72,-232.72
3,10,9,5,97.33,70.08,320,0,791.8,-311.8,-311.8
3,3,9,6,96.67,69.6,320,0,238.8,241.2,241.2
3,4,9,6,96.67,69.6,320,0,317.4,162.6,162.6
3,5,9,6,96.67,69.6,320,0,396,84,84
3,6,9,6,96.67,69.6,320,0,474.6,5.4,5.4
3,7,9,6,96.67,69.6,320,0,553.2,-73.2,-73.2
3,8,9,6,96.67,69.6,320,0,631.8,-151.8,-151.8
3,9,9,6,96.67,69.6,320,0,710.4,-230.4,-230.4
3,10,9,6,96.67,69.6,320,0,789,-309,-309
3,3,9,7,96,69.12,320,0,239.36,240.64,240.64
3,4,9,7,96,69.12,320,0,317.48,162.52,162.52
3,5,9,7,96,69.12,320,0,395.6,84.4,84.4
3,6,9,7,96,69.12,320,0,473.72,6.28,6.28
3,7,9,7,96,69.12,320,0,551.84,-71.84,-71.84
3,8,9,7,96,69.12,320,0,629.96,-149.96,-149.96
3,9,9,7,96,69.12,320,0,708.08,-228.08,-228.08
3,10,9,7,96,69.12,320,0,786.2,-306.2,-306.2
3,3,9,8,95.33,68.64,320,0,239.92,240.08,240.08
3,4,9,8,95.33,68.64,320,0,317.56,162.44,162.44
3,5,9,8,95.33,68.64,320,0,395.2,84.8,84.8
3,6,9,8,95.33,68.64,320,0,472.84,7.16,7.16
3,7,9,8,95.33,68.64,320,0,550.48,-70.48,-70.48
3,8,9,8,95.33,68.64,320,0,628.12,-148.12,-148.12
3,9,9,8,95.33,68.64,320,0,705.76,-225.76,-225.76
3,10,9,8,95.33,68.64,320,0,783.4,-303.4,-303.4
3,3,9,9,94.67,68.16,320,0,240.48,239.52,239.52
3,4,9,9,94.67,68.16,320,0,317.64,162.36,162.36
3,5,9,9,94.67,68.16,320,0,394.8,85.2,85.2
3,6,9,9,94.67,68.16,320,0,471.96,8.04,8.04
3,7,9,9,94.67,68.16,320,0,549.12,-69.12,-69.12
3,8,9,9,94.67,68.16,320,0,626.28,-146.28,-146.28
3,9,9,9,94.67,68.16,320,0,703.44,-223.44,-223.44
3,10,9,9,94.67,68.16,320,0,780.6,-300.6,-300.6
3,3,9,10,94,67.68,320,0,241.04,238.96,238.96
3,4,9,10,94,67.68,320,0,317.72,162.28,162.28
3,5,9,10,94,67.68,320,0,394.4,85.6,85.6
3,6,9,10,94,67.68,320,0,471.08,8.92,8.92
3,7,9,10,94,67.68,320,0,547.76,-67.76,-67.76
3,8,9,10,94,67.68,320,0,624.44,-144.44,-144.44
3,9,9,10,94,67.68,320,0,701.12,-221.12,-221.12
3,10,9,10,94,67.68,320,0,777.8,-297.8,-297.8
3,3,10,3,98,70.56,320,0,237.68,242.32,242.32
3,4,10,3,98,70.56,320,0,318.24,161.76,161.76
3,5,10,3,98,70.56,320,0,398.8,81.2,81.2
3,6,10,3,98,70.56,320,0,479.36,0.64,0.64
3,7,10,3,98,70.56,320,0,559.92,-79.92,-79.92
3,8,10,3,98,70.56,320,0,640.48,-160.48,-160.48
3,9,10,3,98,70.56,320,0,721.04,-241.04,-241.04
3,10,10,3,98,70.56,320,0,801.6,-321.6,-321.6
3,3,10,4,97.33,70.08,320,0,238.24,241.76,241.76
3,4,10,4,97.33,70.08,320,0,318.32,161.68,161.68
3,5,10,4,97.33,70.08,320,0,398.4,81.6,81.6
3,6,10,4,97.33,70.08,320,0,478.48,1.52,1.52
3,7,10,4,97.33,70.08,320,0,558.56,-78.56,-78.56
3,8,10,4,97.33,70.08,320,0,638.64,-158.64,-158.64
3,9,10,4,97.33,70.08,320,0,718.72,-238.72,-238.72
3,10,10,4,97.33,70.08,320,0,798.8,-318.8,-318.8
3,3,10,5,96.67,69.6,320,0,238.8,241.2,241.2
3,4,10,5,96.67,69.6,320,0,318.4,161.6,161.6
3,5,10,5,96.67,69.6,320,0,398,82,82
3,6,10,5,96.67,69.6,320,0,477.6,2.4,2.4
3,7,10,5,96.67,69.6,320,0,557.2,-77.2,-77.2
3,8,10,5,96.67,69.6,320,0,636.8,-156.8,-156.8
3,9,10,5,96.67,69.6,320,0,716.4,-236.4,-236.4
3,10,10,5,96.67,69.6,320,0,796,-316,-316
3,3,10,6,96,69.12,320,0,239.36,240.64,240.64
3,4,10,6,96,69.12,320,0,318.48,161.52,161.52
3,5,10,6,96,69.12,320,0,397.6,82.4,82.4
3,6,10,6,96,69.12,320,0,476.72,3.28,3.28
3,7,10,6,96,69.12,320,0,555.84,-75.84,-75.84
3,8,10,6,96,69.12,320,0,634.96,-154.96,-154.96
3,9,10,6,96,69.12,320,0,714.08,-234.08,-234.08
3,10,10,6,96,69.12,320,0,793.2,-313.2,-313.2
3,3,10,7,95.33,68.64,320,0,239.92,240.08,240.08
3,4,10,7,95.33,68.64,320,0,318.56,161.44,161.44
3,5,10,7,95.33,68.64,320,0,397.2,82.8,82.8
3,6,10,7,95.33,68.64,320,0,475.84,4.16,4.16
3,7,10,7,95.33,68.64,320,0,554.48,-74.48,-74.48
3,8,10,7,95.33,68.64,320,0,633.12,-153.12,-153.12
3,9,10,7,95.33,68.64,320,0,711.76,-231.76,-231.76
3,10,10,7,95.33,68.64,320,0,790.4,-310.4,-310.4
3,3,10,8,94.67,68.16,320,0,240.48,239.52,239.52
3,4,10,8,94.67,68.16,320,0,318.64,161.36,161.36
3,5,10,8,94.67,68.16,320,0,396.8,83.2,83.2
3,6,10,8,94.67,68.16,320,0,474.96,5.04,5.04
3,7,10,8,94.67,68.16,320,0,553.12,-73.12,-73.12
3,8,10,8,94.67,68.16,320,0,631.28,-151.28,-151.28
3,9,10,8,94.67,68.16,320,0,709.44,-229.44,-229.44
3,10,10,8,94.67,68.16,320,0,787.6,-307.6,-307.6
3,3,10,9,94,67.68,320,0,241.04,238.96,238.96
3,4,10,9,94,67.68,320,0,318.72,161.28,161.28
3,5,10,9,94,67.68,320,0,396.4,83.6,83.6
3,6,10,9,94,67.68,320,0,474.08,5.92,5.92
3,7,10,9,94,67.68,320,0,551.76,-71.76,-71.76
3,8,10,9,94,67.68,320,0,629.44,-149.44,-149.44
3,9,10,9,94,67.68,320,0,707.12,-227.12,-227.12
3,10,10,9,94,67.68,320,0,784.8,-304.8,-304.8
3,3,10,10,93.33,67.2,320,0,241.6,238.4,238.4
3,4,10,10,93.33,67.2,320,0,318.8,161.2,161.2
3,5,10,10,93.33,67.2,320,0,396,84,84
3,6,10,10,93.33,67.2,320,0,473.2,6.8,6.8
3,7,10,10,93.33,67.2,320,0,550.4,-70.4,-70.4
3,8,10,10,93.33,67.2,320,0,627.6,-147.6,-147.6
3,9,10,10,93.33,67.2,320,0,704.8,-224.8,-224.8
3,10,10,10,93.33,67.2,320,0,782,-302,-302
4,3,3,3,76.25,54.9,320,0,176.7,303.3,303.3
4,4,3,3,76.25,54.9,320,0,234.6,245.4,245.4
4,5,3,3,76.25,54.9,320,0,292.5,187.5,187.5
4,6,3,3,76.25,54.9,320,0,350.4,129.6,129.6
4,7,3,3,76.25,54.9,320,0,408.3,71.7,71.7
4,8,3,3,76.25,54.9,320,0,466.2,13.8,13.8
4,9,3,3,76.25,54.9,320,0,524.1,-44.1,-44.1
4,10,3,3,76.25,54.9,320,0,582,-102,-102
4,3,3,4,75.75,54.54,320,0,177.62,302.38,302.38
4,4,3,4,75.75,54.54,320,0,235.16,244.84,244.84
4,5,3,4,75.75,54.54,320,0,292.7,187.3,187.3
4,6,3,4,75.75,54.54,320,0,350.24,129.76,129.76
4,7,3,4,75.75,54.54,320,0,407.78,72.22,72.22
4,8,3,4,75.75,54.54,320,0,465.32,14.68,14.68
4,9,3,4,75.75,54.54,320,0,522.86,-42.86,-42.86
4,10,3,4,75.75,54.54,320,0,580.4,-100.4,-100.4
4,3,3,5,75.25,54.18,320,0,178.54,301.46,301.46
4,4,3,5,75.25,54.18,320,0,235.72,244.28,244.28
4,5,3,5,75.25,54.18,320,0,292.9,187.1,187.1
4,6,3,5,75.25,54.18,320,0,350.08,129.92,129.92
4,7,3,5,75.25,54.18,320,0,407.26,72.74,72.74
4,8,3,5,75.25,54.18,320,0,464.44,15.56,15.56
4,9,3,5,75.25,54.18,320,0,521.62,-41.62,-41.62
4,10,3,5,75.25,54.18,320,0,578.8,-98.8,-98.8
4,3,3,6,74.75,53.82,320,0,179.46,300.54,300.54
4,4,3,6,74.75,53.82,320,0,236.28,243.72,243.72
4,5,3,6,74.75,53.82,320,0,293.1,186.9,186.9
4,6,3,6,74.75,53.82,320,0,349.92,130.08,130.08
4,7,3,6,74.75,53.82,320,0,406.74,73.26,73.26
4,8,3,6,74.75,53.82,320,0,463.56,16.44,16.44
4,9,3,6,74.75,53.82,320,0,520.38,-40.38,-40.38
4,10,3,6,74.75,53.82,320,0,577.2,-97.2,-97.2
4,3,3,7,74.25,53.46,320,0,180.38,299.62,299.62
4,4,3,7,74.25,53.46,320,0,236.84,243.16,243.16
4,5,3,7,74.25,53.46,320,0,293.3,186.7,186.7
4,6,3,7,74.25,53.46,320,0,349.76,130.24,130.24
4,7,3,7,74.25,53.46,320,0,406.22,73.78,73.78
4,8,3,7,74.25,53.46,320,0,462.68,17.32,17.32
4,9,3,7,74.25,53.46,320,0,519.14,-39.14,-39.14
4,10,3,7,74.25,53.46,320,0,575.6,-95.6,-95.6
4,3,3,8,73.75,53.1,320,0,181.3,298.7,298.7
4,4,3,8,73.75,53.1,320,0,237.4,242.6,242.6
4,5,3,8,73.75,53.1,320,0,293.5,186.5,186.5
4,6,3,8,73.75,53.1,320,0,349.6,130.4,130.4
4,7,3,8,73.75,53.1,320,0,405.7,74.3,74.3
4,8,3,8,73.75,53.1,320,0,461.8,18.2,18.2
4,9,3,8,73.75,53.1,320,0,517.9,-37.9,-37.9
4,10,3,8,73.75,53.1,320,0,574,-94,-94
4,3,3,9,73.25,52.74,320,0,182.22,297.78,297.78
4,4,3,9,73.25,52.74,320,0,237.96,242.04,242.04
4,5,3,9,73.25,52.74,320,0,293.7,186.3,186.3
4,6,3,9,73.25,52.74,320,0,349.44,130.56,130.56
4,7,3,9,73.25,52.74,320,0,405.18,74.82,74.82
4,8,3,9,73.25,52.74,320,0,460.92,19.08,19.08
4,9,3,9,73.25,52.74,320,0,516.66,-36.66,-36.66
4,10,3,9,73.25,52.74,320,0,572.4,-92.4,-92.4
4,3,3,10,72.75,52.38,320,0,183.14,296.86,296.86
4,4,3,10,72.75,52.38,320,0,238.52,241.48,241.48
4,5,3,10,72.75,52.38,320,0,293.9,186.1,186.1
4,6,3,10,72.75,52.38,320,0,349.28,130.72,130.72
4,7,3,10,72.75,52.38,320,0,404.66,75.34,75.34
4,8,3,10,72.75,52.38,320,0,460.04,19.96,19.96
4,9,3,10,72.75,52.38,320,0,515.42,-35.42,-35.42
4,10,3,10,72.75,52.38,320,0,570.8,-90.8,-90.8
4,3,4,3,75.5,54.36,320,0,177.08,302.92,302.92
4,4,4,3,75.5,54.36,320,0,235.44,244.56,244.56
4,5,4,3,75.5,54.36,320,0,293.8,186.2,186.2
4,6,4,3,75.5,54.36,320,0,352.16,127.84,127.84
4,7,4,3,75.5,54.36,320,0,410.52,69.48,69.48
4,8,4,3,75.5,54.36,320,0,468.88,11.12,11.12
4,9,4,3,75.5,54.36,320,0,527.24,-47.24,-47.24
4,10,4,3,75.5,54.36,320,0,585.6,-105.6,-105.6
4,3,4,4,75,54,320,0,178,302,302
4,4,4,4,75,54,320,0,236,244,244
4,5,4,4,75,54,320,0,294,186,186
4,6,4,4,75,54,320,0,352,128,128
4,7,4,4,75,54,320,0,410,70,70
4,8,4,4,75,54,320,0,468,12,12
4,9,4,4,75,54,320,0,526,-46,-46
4,10,4,4,75,54,320,0,584,-104,-104
4,3,4,5,74.5,53.64,320,0,178.92,301.08,301.08
4,4,4,5,74.5,53.64,320,0,236.56,243.44,243.44
4,5,4,5,74.5,53.64,320,0,294.2,185.8,185.8
4,6,4,5,74.5,53.64,320,0,351.84,128.16,128.16
4,7,4,5,74.5,53.64,320,0,409.48,70.52,70.52
4,8,4,5,74.5,53.64,320,0,467.12,12.88,12.88
4,9,4,5,74.5,53.64,320,0,524.76,-44.76,-44.76
4,10,4,5,74.5,53.64,320,0,582.4,-102.4,-102.4
4,3,4,6,74,53.28,320,0,179.84,300.16,300.16
4,4,4,6,74,53.28,320,0,237.12,242.88,242.88
4,5,4,6,74,53.28,320,0,294.4,185.6,185.6
4,6,4,6,74,53.28,320,0,351.68,128.32,128.32
4,7,4,6,74,53.28,320,0,408.96,71.04,71.04
4,8,4,6,74,53.28,320,0,466.24,13.76,13.76
4,9,4,6,74,53.28,320,0,523.52,-43.52,-43.52
4,10,4,6,74,53.28,320,0,580.8,-100.8,-100.8
4,3,4,7,73.5,52.92,320,0,180.76,299.24,299.24
4,4,4,7,73.5,52.92,320,0,237.68,242.32,242.32
4,5,4,7,73.5,52.92,320,0,294.6,185.4,185.4
4,6,4,7,73.5,52.92,320,0,351.52,128.48,128.48
4,7,4,7,73.5,52.92,320,0,408.44,71.56,71.56
4,8,4,7,73.5,52.92,320,0,465.36,14.64,14.64
4,9,4,7,73.5,52.92,320,0,522.28,-42.28,-42.28
4,10,4,7,73.5,52.92,320,0,579.2,-99.2,-99.2
4,3,4,8,73,52.56,320,0,181.68,298.32,298.32
4,4,4,8,73,52.56,320,0,238.24,241.76,241.76
4,5,4,8,73,52.56,320,0,294.8,185.2,185.2
4,6,4,8,73,52.56,320,0,351.36,128.64,128.64
4,7,4,8,73,52.56,320,0,407.92,72.08,72.08
4,8,4,8,73,52.56,320,0,464.48,15.52,15.52
4,9,4,8,73,52.56,320,0,521.04,-41.04,-41.04
4,10,4,8,73,52.56,320,0,577.6,-97.6,-97.6
4,3,4,9,72.5,52.2,320,0,182.6,297.4,297.4
4,4,4,9,72.5,52.2,320,0,238.8,241.2,241.2
4,5,4,9,72.5,52.2,320,0,295,185,185
4,6,4,9,72.5,52.2,320,0,351.2,128.8,128.8
4,7,4,9,72.5,52.2,320,0,407.4,72.6,72.6
4,8,4,9,72.5,52.2,320,0,463.6,16.4,16.4
4,9,4,9,72.5,52.2,320,0,519.8,-39.8,-39.8
4,10,4,9,72.5,52.2,320,0,576,-96,-96
4,3,4,10,72,51.84,320,0,183.52,296.48,296.48
4,4,4,10,72,51.84,320,0,239.36,240.64,240.64
4,5,4,10,72,51.84,320,0,295.2,184.8,184.8
4,6,4,10,72,51.84,320,0,351.04,128.96,128.96
4,7,4,10,72,51.84,320,0,406.88,73.12,73.12
4,8,4,10,72,51.84,320,0,462.72,17.28,17.28
4,9,4,10,72,51.84,320,0,518.56,-38.56,-38.56
4,10,4,10,72,51.84,320,0,574.4,-94.4,-94.4
4,3,5,3,74.75,53.82,320,0,177.46,302.54,302.54
4,4,5,3,74.75,53.82,320,0,236.28,243.72,243.72
4,5,5,3,74.75,53.82,320,0,295.1,184.9,184.9
4,6,5,3,74.75,53.82,320,0,353.92,126.08,126.08
4,7,5,3,74.75,53.82,320,0,412.74,67.26,67.26
4,8,5,3,74.75,53.82,320,0,471.56,8.44,8.44
4,9,5,3,74.75,53.82,320,0,530.38,-50.38,-50.38
4,10,5,3,74.75,53.82,320,0,589.2,-109.2,-109.2
4,3,5,4,74.25,53.46,320,0,178.38,301.62,301.62
4,4,5,4,74.25,53.46,320,0,236.84,243.16,243.16
4,5,5,4,74.25,53.46,320,0,295.3,184.7,184.7
4,6,5,4,74.25,53.46,320,0,353.76,126.24,126.24
4,7,5,4,74.25,53.46,320,0,412.22,67.78,67.78
4,8,5,4,74.25,53.46,320,0,470.68,9.32,9.32
4,9,5,4,74.25,53.46,320,0,529.14,-49.14,-49.14
4,10,5,4,74.25,53.46,320,0,587.6,-107.6,-107.6
4,3,5,5,73.75,53.1,320,0,179.3,300.7,300.7
4,4,5,5,73.75,53.1,320,0,237.4,242.6,242.6
4,5,5,5,73.75,53.1,320,0,295.5,184.5,184.5
4,6,5,5,73.75,53.1,320,0,353.6,126.4,126.4
4,7,5,5,73.75,53.1,320,0,411.7,68.3,68.3
4,8,5,5,73.75,53.1,320,0,469.8,10.2,10.2
4,9,5,5,73.75,53.1,320,0,527.9,-47.9,-47.9
4,10,5,5,73.75,53.1,320,0,586,-106,-106
4,3,5,6,73.25,52.74,320,0,180.22,299.78,299.78
4,4,5,6,73.25,52.74,320,0,237.96,242.04,242.04
4,5,5,6,73.25,52.74,320,0,295.7,184.3,184.3
4,6,5,6,73.25,52.74,320,0,353.44,126.56,126.56
4,7,5,6,73.25,52.74,320,0,411.18,68.82,68.82
4,8,5,6,73.25,52.74,320,0,468.92,11.08,11.08
4,9,5,6,73.25,52.74,320,0,526.66,-46.66,-46.66
4,10,5,6,73.25,52.74,320,0,584.4,-104.4,-104.4
4,3,5,7,72.75,52.38,320,0,181.14,298.86,298.86
4,4,5,7,72.75,52.38,320,0,238.52,241.48,241.48
4,5,5,7,72.75,52.38,320,0,295.9,184.1,184.1
4,6,5,7,72.75,52.38,320,0,353.28,126.72,126.72
4,7,5,7,72.75,52.38,320,0,410.66,69.34,69.34
4,8,5,7,72.75,52.38,320,0,468.04,11.96,11.96
4,9,5,7,72.75,52.38,320,0,525.42,-45.42,-45.42
4,10,5,7,72.75,52.38,320,0,582.8,-102.8,-102.8
4,3,5,8,72.25,52.02,320,0,182.06,297.94,297.94
4,4,5,8,72.25,52.02,320,0,239.08,240.92,240.92
4,5,5,8,72.25,52.02,320,0,296.1,183.9,183.9
4,6,5,8,72.25,52.02,320,0,353.12,126.88,126.88
4,7,5,8,72.25,52.02,320,0,410.14,69.86,69.86
4,8,5,8,72.25,52.02,320,0,467.16,12.84,12.84
4,9,5,8,72.25,52.02,320,0,524.18,-44.18,-44.18
4,10,5,8,72.25,52.02,320,0,581.2,-101.2,-101.2
4,3,5,9,71.75,51.66,320,0,182.98,297.02,297.02
4,4,5,9,71.75,51.66,320,0,239.64,240.36,240.36
4,5,5,9,71.75,51.66,320,0,296.3,183.7,183.7
4,6,5,9,71.75,51.66,320,0,352.96,127.04,127.04
4,7,5,9,71.75,51.66,320,0,409.62,70.38,70.38
4,8,5,9,71.75,51.66,320,0,466.28,13.72,13.72
4,9,5,9,71.75,51.66,320,0,522.94,-42.94,-42.94
4,10,5,9,71.75,51.66,320,0,579.6,-99.6,-99.6
4,3,5,10,71.25,51.3,320,0,183.9,296.1,296.1
4,4,5,10,71.25,51.3,320,0,240.2,239.8,239.8
4,5,5,10,71.25,51.3,320,0,296.5,183.5,183.5
4,6,5,10,71.25,51.3,320,0,352.8,127.2,127.2
4,7,5,10,71.25,51.3,320,0,409.1,70.9,70.9
4,8,5,10,71.25,51.3,320,0,465.4,14.6,14.6
4,9,5,10,71.25,51.3,320,0,521.7,-41.7,-41.7
4,10,5,10,71.25,51.3,320,0,578,-98,-98
4,3,6,3,74,53.28,320,0,177.84,302.16,302.16
4,4,6,3,74,53.28,320,0,237.12,242.88,242.88
4,5,6,3,74,53.28,320,0,296.4,183.6,183.6
4,6,6,3,74,53.28,320,0,355.68,124.32,124.32
4,7,6,3,74,53.28,320,0,414.96,65.04,65.04
4,8,6,3,74,53.28,320,0,474.24,5.76,5.76
4,9,6,3,74,53.28,320,0,533.52,-53.52,-53.52
4,10,6,3,74,53.28,320,0,592.8,-112.8,-112.8
4,3,6,4,73.5,52.92,320,0,178.76,301.24,301.24
4,4,6,4,73.5,52.92,320,0,237.68,242.32,242.32
4,5,6,4,73.5,52.92,320,0,296.6,183.4,183.4
4,6,6,4,73.5,52.92,320,0,355.52,124.48,124.48
4,7,6,4,73.5,52.92,320,0,414.44,65.56,65.56
4,8,6,4,73.5,52.92,320,0,473.36,6.64,6.64
4,9,6,4,73.5,52.92,320,0,532.28,-52.28,-52.28
4,10,6,4,73.5,52.92,320,0,591.2,-111.2,-111.2
4,3,6,5,73,52.56,320,0,179.68,300.32,300.32
4,4,6,5,73,52.56,320,0,238.24,241.76,241.76
4,5,6,5,73,52.56,320,0,296.8,183.2,183.2
4,6,6,5,73,52.56,320,0,355.36,124.64,124.64
4,7,6,5,73,52.56,320,0,413.92,66.08,66.08
4,8,6,5,73,52.56,320,0,472.48,7.52,7.52
4,9,6,5,73,52.56,320,0,531.04,-51.04,-51.04
4,10,6,5,73,52.56,320,0,589.6,-109.6,-109.6
4,3,6,6,72.5,52.2,320,0,180.6,299.4,299.4
4,4,6,6,72.5,52.2,320,0,238.8,241.2,241.2
4,5,6,6,72.5,52.2,320,0,297,183,183
4,6,6,6,72.5,52.2,320,0,355.2,124.8,124.8
4,7,6,6,72.5,52.2,320,0,413.4,66.6,66.6
4,8,6,6,72.5,52.2,320,0,471.6,8.4,8.4
4,9,6,6,72.5,52.2,320,0,529.8,-49.8,-49.8
4,10,6,6,72.5,52.2,320,0,588,-108,-108
4,3,6,7,72,51.84,320,0,181.52,298.48,298.48
4,4,6,7,72,51.84,320,0,239.36,240.64,240.64
4,5,6,7,72,51.84,320,0,297.2,182.8,182.8
4,6,6,7,72,51.84,320,0,355.04,124.96,124.96
4,7,6,7,72,51.84,320,0,412.88,67.12,67.12
4,8,6,7,72,51.84,320,0,470.72,9.28,9.28
4,9,6,7,72,51.84,320,0,528.56,-48.56,-48.56
4,10,6,7,72,51.84,320,0,586.4,-106.4,-106.4
4,3,6,8,71.5,51.48,320,0,182.44,297.56,297.56
4,4,6,8,71.5,51.48,320,0,239.92,240.08,240.08
4,5,6,8,71.5,51.48,320,0,297.4,182.6,182.6
4,6,6,8,71.5,51.48,320,0,354.88,125.12,125.12
4,7,6,8,71.5,51.48,320,0,412.36,67.64,67.64
4,8,6,8,71.5,51.48,320,0,469.84,10.16,10.16
4,9,6,8,71.5,51.48,320,0,527.32,-47.32,-47.32
4,10,6,8,71.5,51.48,320,0,584.8,-104.8,-104.8
4,3,6,9,71,51.12,320,0,183.36,296.64,296.64
4,4,6,9,71,51.12,320,0,240.48,239.52,239.52
4,5,6,9,71,51.12,320,0,297.6,182.4,182.4
4,6,6,9,71,51.12,320,0,354.72,125.28,125.28
4,7,6,9,71,51.12,320,0,411.84,68.16,68.16
4,8,6,9,71,51.12,320,0,468.96,11.04,11.04
4,9,6,9,71,51.12,320,0,526.08,-46.08,-46.08
4,10,6,9,71,51.12,320,0,583.2,-103.2,-103.2
4,3,6,10,70.5,50.76,320,0,184.28,295.72,295.72
4,4,6,10,70.5,50.76,320,0,241.04,238.96,238.96
4,5,6,10,70.5,50.76,320,0,297.8,182.2,182.2
4,6,6,10,70.5,50.76,320,0,354.56,125.44,125.44
4,7,6,10,70.5,50.76,320,0,411.32,68.68,68.68
4,8,6,10,70.5,50.76,320,0,468.08,11.92,11.92
4,9,6,10,70.5,50.76,320,0,524.84,-44.84,-44.84
4,10,6,10,70.5,50.76,320,0,581.6,-101.6,-101.6
4,3,7,3,73.25,52.74,320,0,178.22,301.78,301.78
4,4,7,3,73.25,52.74,320,0,237.96,242.04,242.04
4,5,7,3,73.25,52.74,320,0,297.7,182.3,182.3
4,6,7,3,73.25,52.74,320,0,357.44,122.56,122.56
4,7,7,3,73.25,52.74,320,0,417.18,62.82,62.82
4,8,7,3,73.25,52.74,320,0,476.92,3.08,3.08
4,9,7,3,73.25,52.74,320,0,536.66,-56.66,-56.66
4,10,7,3,73.25,52.74,320,0,596.4,-116.4,-116.4
4,3,7,4,72.75,52.38,320,0,179.14,300.86,300.86
4,4,7,4,72.75,52.38,320,0,238.52,241.48,241.48
4,5,7,4,72.75,52.38,320,0,297.9,182.1,182.1
4,6,7,4,72.75,52.38,320,0,357.28,122.72,122.72
4,7,7,4,72.75,52.38,320,0,416.66,63.34,63.34
4,8,7,4,72.75,52.38,320,0,476.04,3.96,3.96
4,9,7,4,72.75,52.38,320,0,535.42,-55.42,-55.42
4,10,7,4,72.75,52.38,320,0,594.8,-114.8,-114.8
4,3,7,5,72.25,52.02,320,0,180.06,299.94,299.94
4,4,7,5,72.25,52.02,320,0,239.08,240.92,240.92
4,5,7,5,72.25,52.02,320,0,298.1,181.9,181.9
4,6,7,5,72.25,52.02,320,0,357.12,122.88,122.88
4,7,7,5,72.25,52.02,320,0,416.14,63.86,63.86
4,8,7,5,72.25,52.02,320,0,475.16,4.84,4.84
4,9,7,5,72.25,52.02,320,0,534.18,-54.18,-54.18
4,10,7,5,72.25,52.02,320,0,593.2,-113.2,-113.2
4,3,7,6,71.75,51.66,320,0,180.98,299.02,299.02
4,4,7,6,71.75,51.66,320,0,239.64,240.36,240.36
4,5,7,6,71.75,51.66,320,0,298.3,181.7,181.7
4,6,7,6,71.75,51.66,320,0,356.96,123.04,123.04
4,7,7,6,71.75,51.66,320,0,415.62,64.38,64.38
4,8,7,6,71.75,51.66,320,0,474.28,5.72,5.72
4,9,7,6,71.75,51.66,320,0,532.94,-52.94,-52.94
4,10,7,6,71.75,51.66,320,0,591.6,-111.6,-111.6
4,3,7,7,71.25,51.3,320,0,181.9,298.1,298.1
4,4,7,7,71.25,51.3,320,0,240.2,239.8,239.8
4,5,7,7,71.25,51.3,320,0,298.5,181.5,181.5
4,6,7,7,71.25,51.3,320,0,356.8,123.2,123.2
4,7,7,7,71.25,51.3,320,0,415.1,64.9,64.9
4,8,7,7,71.25,51.3,320,0,473.4,6.6,6.6
4,9,7,7,71.25,51.3,320,0,531.7,-51.7,-51.7
4,10,7,7,71.25,51.3,320,0,590,-110,-110
4,3,7,8,70.75,50.94,320,0,182.82,297.18,297.18
4,4,7,8,70.75,50.94,320,0,240.76,239.24,239.24
4,5,7,8,70.75,50.94,320,0,298.7,181.3,181.3
4,6,7,8,70.75,50.94,320,0,356.64,123.36,123.36
4,7,7,8,70.75,50.94,320,0,414.58,65.42,65.42
4,8,7,8,70.75,50.94,320,0,472.52,7.48,7.48
4,9,7,8,70.75,50.94,320,0,530.46,-50.46,-50.46
4,10,7,8,70.75,50.94,320,0,588.4,-108.4,-108.4
4,3,7,9,70.25,50.58,320,0,183.74,296.26,296.26
4,4,7,9,70.25,50.58,320,0,241.32,238.68,238.68
4,5,7,9,70.25,50.58,320,0,298.9,181.1,181.1
4,6,7,9,70.25,50.58,320,0,356.48,123.52,123.52
4,7,7,9,70.25,50.58,320,0,414.06,65.94,65.94
4,8,7,9,70.25,50.58,320,0,471.64,8.36,8.36
4,9,7,9,70.25,50.58,320,0,529.22,-49.22,-49.22
4,10,7,9,70.25,50.58,320,0,586.8,-106.8,-106.8
4,3,7,10,69.75,50.22,320,0,184.66,295.34,295.34
4,4,7,10,69.75,50.22,320,0,241.88,238.12,238.12
4,5,7,10,69.75,50.22,320,0,299.1,180.9,180.9
4,6,7,10,69.75,50.22,320,0,356.32,123.68,123.68
4,7,7,10,69.75,50.22,320,0,413.54,66.46,66.46
4,8,7,10,69.75,50.22,320,0,470.76,9.24,9.24
4,9,7,10,69.75,50.22,320,0,527.98,-47.98,-47.98
4,10,7,10,69.75,50.22,320,0,585.2,-105.2,-105.2
4,3,8,3,72.5,52.2,320,0,178.6,301.4,301.4
4,4,8,3,72.5,52.2,320,0,238.8,241.2,241.2
4,5,8,3,72.5,52.2,320,0,299,181,181
4,6,8,3,72.5,52.2,320,0,359.2,120.8,120.8
4,7,8,3,72.5,52.2,320,0,419.4,60.6,60.6
4,8,8,3,72.5,52.2,320,0,479.6,0.4,0.4
4,9,8,3,72.5,52.2,320,0,539.8,-59.8,-59.8
4,10,8,3,72.5,52.2,320,0,600,-120,-120
4,3,8,4,72,51.84,320,0,179.52,300.48,300.48
4,4,8,4,72,51.84,320,0,239.36,240.64,240.64
4,5,8,4,72,51.84,320,0,299.2,180.8,180.8
4,6,8,4,72,51.84,320,0,359.04,120.96,120.96
4,7,8,4,72,51.84,320,0,418.88,61.12,61.12
4,8,8,4,72,51.84,320,0,478.72,1.28,1.28
4,9,8,4,72,51.84,320,0,538.56,-58.56,-58.56
4,10,8,4,72,51.84,320,0,598.4,-118.4,-118.4
4,3,8,5,71.5,51.48,320,0,180.44,299.56,299.56
4,4,8,5,71.5,51.48,320,0,239.92,240.08,240.08
4,5,8,5,71.5,51.48,320,0,299.4,180.6,180.6
4,6,8,5,71.5,51.48,320,0,358.88,121.12,121.12
4,7,8,5,71.5,51.48,320,0,418.36,61.64,61.64
4,8,8,5,71.5,51.48,320,0,477.84,2.16,2.16
4,9,8,5,71.5,51.48,320,0,537.32,-57.32,-57.32
4,10,8,5,71.5,51.48,320,0,596.8,-116.8,-116.8
4,3,8,6,71,51.12,320,0,181.36,298.64,298.64
4,4,8,6,71,51.12,320,0,240.48,239.52,239.52
4,5,8,6,71,51.12,320,0,299.6,180.4,180.4
4,6,8,6,71,51.12,320,0,358.72,121.28,121.28
4,7,8,6,71,51.12,320,0,417.84,62.16,62.16
4,8,8,6,71,51.12,320,0,476.96,3.04,3.04
4,9,8,6,71,51.12,320,0,536.08,-56.08,-56.08
4,10,8,6,71,51.12,320,0,595.2,-115.2,-115.2
4,3,8,7,70.5,50.76,320,0,182.28,297.72,297.72
4,4,8,7,70.5,50.76,320,0,241.04,238.96,238.96
4,5,8,7,70.5,50.76,320,0,299.8,180.2,180.2
4,6,8,7,70.5,50.76,320,0,358.56,121.44,121.44
4,7,8,7,70.5,50.76,320,0,417.32,62.68,62.68
4,8,8,7,70.5,50.76,320,0,476.08,3.92,3.92
4,9,8,7,70.5,50.76,320,0,534.84,-54.84,-54.84
4,10,8,7,70.5,50.76,320,0,593.6,-113.6,-113.6
4,3,8,8,70,50.4,320,0,183.2,296.8,296.8
4,4,8,8,70,50.4,320,0,241.6,238.4,238.4
4,5,8,8,70,50.4,320,0,300,180,180
4,6,8,8,70,50.4,320,0,358.4,121.6,121.6
4,7,8,8,70,50.4,320,0,416.8,63.2,63.2
4,8,8,8,70,50.4,320,0,475.2,4.8,4.8
4,9,8,8,70,50.4,320,0,533.6,-53.6,-53.6
4,10,8,8,70,50.4,320,0,592,-112,-112
4,3,8,9,69.5,50.04,320,0,184.12,295.88,295.88
4,4,8,9,69.5,50.04,320,0,242.16,237.84,237.84
4,5,8,9,69.5,50.04,320,0,300.2,179.8,179.8
4,6,8,9,69.5,50.04,320,0,358.24,121.76,121.76
4,7,8,9,69.5,50.04,320,0,416.28,63.72,63.72
4,8,8,9,69.5,50.04,320,0,474.32,5.68,5.68
4,9,8,9,69.5,50.04,320,0,532.36,-52.36,-52.36
4,10,8,9,69.5,50.04,320,0,590.4,-110.4,-110.4
4,3,8,10,69,49.68,320,0,185.04,294.96,294.96
4,4,8,10,69,49.68,320,0,242.72,237.28,237.28
4,5,8,10,69,49.68,320,0,300.4,179.6,179.6
4,6,8,10,69,49.68,320,0,358.08,121.92,121.92
4,7,8,10,69,49.68,320,0,415.76,64.24,64.24
4,8,8,10,69,49.68,320,0,473.44,6.56,6.56
4,9,8,10,69,49.68,320,0,531.12,-51.12,-51.12
4,10,8,10,69,49.68,320,0,588.8,-108.8,-108.8
4,3,9,3,71.75,51.66,320,0,178.98,301.02,301.02
4,4,9,3,71.75,51.66,320,0,239.64,240.36,240.36
4,5,9,3,71.75,51.66,320,0,300.3,179.7,179.7
4,6,9,3,71.75,51.66,320,0,360.96,119.04,119.04
4,7,9,3,71.75,51.66,320,0,421.62,58.38,58.38
4,8,9,3,71.75,51.66,320,0,482.28,-2.28,-2.28
4,9,9,3,71.75,51.66,320,0,542.94,-62.94,-62.94
4,10,9,3,71.75,51.66,320,0,603.6,-123.6,-123.6
4,3,9,4,71.25,51.3,320,0,179.9,300.1,300.1
4,4,9,4,71.25,51.3,320,0,240.2,239.8,239.8
4,5,9,4,71.25,51.3,320,0,300.5,179.5,179.5
4,6,9,4,71.25,51.3,320,0,360.8,119.2,119.2
4,7,9,4,71.25,51.3,320,0,421.1,58.9,58.9
4,8,9,4,71.25,51.3,320,0,481.4,-1.4,-1.4
4,9,9,4,71.25,51.3,320,0,541.7,-61.7,-61.7
4,10,9,4,71.25,51.3,320,0,602,-122,-122
4,3,9,5,70.75,50.94,320,0,180.82,299.18,299.18
4,4,9,5,70.75,50.94,320,0,240.76,239.24,239.24
4,5,9,5,70.75,50.94,320,0,300.7,179.3,179.3
4,6,9,5,70.75,50.94,320,0,360.64,119.36,119.36
4,7,9,5,70.75,50.94,320,0,420.58,59.42,59.42
4,8,9,5,70.75,50.94,320,0,480.52,-0.52,-0.52
4,9,9,5,70.75,50.94,320,0,540.46,-60.46,-60.46
4,10,9,5,70.75,50.94,320,0,600.4,-120.4,-120.4
4,3,9,6,70.25,50.58,320,0,181.74,298.26,298.26
4,4,9,6,70.25,50.58,320,0,241.32,238.68,238.68
4,5,9,6,70.25,50.58,320,0,300.9,179.1,179.1
4,6,9,6,70.25,50.58,320,0,360.48,119.52,119.52
4,7,9,6,70.25,50.58,320,0,420.06,59.94,59.94
4,8,9,6,70.25,50.58,320,0,479.64,0.36,0.36
4,9,9,6,70.25,50.58,320,0,539.22,-59.22,-59.22
4,10,9,6,70.25,50.58,320,0,598.8,-118.8,-118.8
4,3,9,7,69.75,50.22,320,0,182.66,297.34,297.34
4,4,9,7,69.75,50.22,320,0,241.88,238.12,238.12
4,5,9,7,69.75,50.22,320,0,301.1,178.9,178.9
4,6,9,7,69.75,50.22,320,0,360.32,119.68,119.68
4,7,9,7,69.75,50.22,320,0,419.54,60.46,60.46
4,8,9,7,69.75,50.22,320,0,478.76,1.24,1.24
4,9,9,7,69.75,50.22,320,0,537.98,-57.98,-57.98
4,10,9,7,69.75,50.22,320,0,597.2,-117.2,-117.2
4,3,9,8,69.25,49.86,320,0,183.58,296.42,296.42
4,4,9,8,69.25,49.86,320,0,242.44,237.56,237.56
4,5,9,8,69.25,49.86,320,0,301.3,178.7,178.7
4,6,9,8,69.25,49.86,320,0,360.16,119.84,119.84
4,7,9,8,69.25,49.86,320,0,419.02,60.98,60.98
4,8,9,8,69.25,49.86,320,0,477.88,2.12,2.12
4,9,9,8,69.25,49.86,320,0,536.74,-56.74,-56.74
4,10,9,8,69.25,49.86,320,0,595.6,-115.6,-115.6
4,3,9,9,68.75,49.5,320,0,184.5,295.5,295.5
4,4,9,9,68.75,49.5,320,0,243,237,237
4,5,9,9,68.75,49.5,320,0,301.5,178.5,178.5
4,6,9,9,68.75,49.5,320,0,360,120,120
4,7,9,9,68.75,49.5,320,0,418.5,61.5,61.5
4,8,9,9,68.75,49.5,320,0,477,3,3
4,9,9,9,68.75,49.5,320,0,535.5,-55.5,-55.5
4,10,9,9,68.75,49.5,320,0,594,-114,-114
4,3,9,10,68.25,49.14,320,0,185.42,294.58,294.58
4,4,9,10,68.25,49.14,320,0,243.56,236.44,236.44
4,5,9,10,68.25,49.14,320,0,301.7,178.3,178.3
4,6,9,10,68.25,49.14,320,0,359.84,120.16,120.16
4,7,9,10,68.25,49.14,320,0,417.98,62.02,62.02
4,8,9,10,68.25,49.14,320,0,476.12,3.88,3.88
4,9,9,10,68.25,49.14,320,0,534.26,-54.26,-54.26
4,10,9,10,68.25,49.14,320,0,592.4,-112.4,-112.4
4,3,10,3,71,51.12,320,0,179.36,300.64,300.64
4,4,10,3,71,51.12,320,0,240.48,239.52,239.52
4,5,10,3,71,51.12,320,0,301.6,178.4,178.4
4,6,10,3,71,51.12,320,0,362.72,117.28,117.28
4,7,10,3,71,51.12,320,0,423.84,56.16,56.16
4,8,10,3,71,51.12,320,0,484.96,-4.96,-4.96
4,9,10,3,71,51.12,320,0,546.08,-66.08,-66.08
4,10,10,3,71,51.12,320,0,607.2,-127.2,-127.2
4,3,10,4,70.5,50.76,320,0,180.28,299.72,299.72
4,4,10,4,70.5,50.76,320,0,241.04,238.96,238.96
4,5,10,4,70.5,50.76,320,0,301.8,178.2,178.2
4,6,10,4,70.5,50.76,320,0,362.56,117.44,117.44
4,7,10,4,70.5,50.76,320,0,423.32,56.68,56.68
4,8,10,4,70.5,50.76,320,0,484.08,-4.08,-4.08
4,9,10,4,70.5,50.76,320,0,544.84,-64.84,-64.84
4,10,10,4,70.5,50.76,320,0,605.6,-125.6,-125.6
4,3,10,5,70,50.4,320,0,181.2,298.8,298.8
4,4,10,5,70,50.4,320,0,241.6,238.4,238.4
4,5,10,5,70,50.4,320,0,302,178,178
4,6,10,5,70,50.4,320,0,362.4,117.6,117.6
4,7,10,5,70,50.4,320,0,422.8,57.2,57.2
4,8,10,5,70,50.4,320,0,483.2,-3.2,-3.2
4,9,10,5,70,50.4,320,0,543.6,-63.6,-63.6
4,10,10,5,70,50.4,320,0,604,-124,-124
4,3,10,6,69.5,50.04,320,0,182.12,297.88,297.88
4,4,10,6,69.5,50.04,320,0,242.16,237.84,237.84
4,5,10,6,69.5,50.04,320,0,302.2,177.8,177.8
4,6,10,6,69.5,50.04,320,0,362.24,117.76,117.76
4,7,10,6,69.5,50.04,320,0,422.28,57.72,57.72
4,8,10,6,69.5,50.04,320,0,482.32,-2.32,-2.32
4,9,10,6,69.5,50.04,320,0,542.36,-62.36,-62.36
4,10,10,6,69.5,50.04,320,0,602.4,-122.4,-122.4
4,3,10,7,69,49.68,320,0,183.04,296.96,296.96
4,4,10,7,69,49.68,320,0,242.72,237.28,237.28
4,5,10,7,69,49.68,320,0,302.4,177.6,177.6
4,6,10,7,69,49.68,320,0,362.08,117.92,117.92
4,7,10,7,69,49.68,320,0,421.76,58.24,58.24
4,8,10,7,69,49.68,320,0,481.44,-1.44,-1.44
4,9,10,7,69,49.68,320,0,541.12,-61.12,-61.12
4,10,10,7,69,49.68,320,0,600.8,-120.8,-120.8
4,3,10,8,68.5,49.32,320,0,183.96,296.04,296.04
4,4,10,8,68.5,49.32,320,0,243.28,236.72,236.72
4,5,10,8,68.5,49.32,320,0,302.6,177.4,177.4
4,6,10,8,68.5,49.32,320,0,361.92,118.08,118.08
4,7,10,8,68.5,49.32,320,0,421.24,58.76,58.76
4,8,10,8,68.5,49.32,320,0,480.56,-0.56,-0.56
4,9,10,8,68.5,49.32,320,0,539.88,-59.88,-59.88
4,10,10,8,68.5,49.32,320,0,599.2,-119.2,-119.2
4,3,10,9,68,48.96,320,0,184.88,295.12,295.12
4,4,10,9,68,48.96,320,0,243.84,236.16,236.16
4,5,10,9,68,48.96,320,0,302.8,177.2,177.2
4,6,10,9,68,48.96,320,0,361.76,118.24,118.24
4,7,10,9,68,48.96,320,0,420.72,59.28,59.28
4,8,10,9,68,48.96,320,0,479.68,0.32,0.32
4,9,10,9,68,48.96,320,0,538.64,-58.64,-58.64
4,10,10,9,68,48.96,320,0,597.6,-117.6,-117.6
4,3,10,10,67.5,48.6,320,0,185.8,294.2,294.2
4,4,10,10,67.5,48.6,320,0,244.4,235.6,235.6
4,5,10,10,67.5,48.6,320,0,303,177,177
4,6,10,10,67.5,48.6,320,0,361.6,118.4,118.4
4,7,10,10,67.5,48.6,320,0,420.2,59.8,59.8
4,8,10,10,67.5,48.6,320,0,478.8,1.2,1.2
4,9,10,10,67.5,48.6,320,0,537.4,-57.4,-57.4
4,10,10,10,67.5,48.6,320,0,596,-116,-116
